hashkey,score,dict_str
df46750812aaa2a173a4c11245522075,0.0,"{'1d_start': 6, 'opt': 'SGD', 'layers': [[0, 1, 3, 2], [1, 1, 3, 4], [2, 2, 2, 2], [2, 2, 3, 2], [1, 0, 2, 3], [0, 2, 1, 2], [4, 2, 7, 0.7180884194237219]]}"
ce4867ac4cd331206dc2af5b70f6c884,0.6511250138282776,"{'1d_start': 4, 'opt': 'adam', 'layers': [[2, 2, 2, 2], [1, 1, 3, 2], [0, 2, 5, 3], [2, 0, 2, 4]]}"
fd1a9f49e67b86b5243a0786d0ad41d1,0.0,"{'1d_start': 5, 'opt': 'adam', 'layers': [[1, 2, 3, 3], [1, 2, 2, 3], [2, 2, 2, 2], [2, 1, 3, 3], [2, 1, 3, 4], [3, 1, 4, 0.3017093831821542], [4, 2, 9, 0.1614676216641734], [4, 1, 1, 0.46709757389997575]]}"
780f43010d2c579d090b541c9633d77d,0.0,"{'1d_start': 7, 'opt': 'adam', 'layers': [[1, 0, 2, 4], [2, 0, 2, 2], [2, 1, 3, 2], [1, 1, 2, 3], [2, 1, 2, 3], [1, 1, 3, 3], [2, 1, 2, 2]]}"
4727c850c8926c2caea2523791f1f07a,0.0,"{'1d_start': 8, 'opt': 'SGD', 'layers': [[0, 0, 2, 4], [2, 0, 3, 3], [0, 0, 5, 2], [0, 0, 1, 4], [1, 2, 2, 4], [0, 1, 3, 4], [2, 0, 3, 2], [1, 2, 3, 3]]}"
7820884874622b528a0f5d36ad073c6a,0.0,"{'1d_start': 5, 'opt': 'SGD', 'layers': [[1, 2, 3, 2], [1, 2, 3, 4], [2, 0, 3, 4], [2, 1, 2, 2], [2, 0, 3, 2], [4, 0, 4, 0.18024163910561117], [4, 0, 9, 0.5131837693025529]]}"
af7b988d7b608de4fe8b48303c1a2dd4,0.166312500834465,"{'1d_start': 4, 'opt': 'SGD', 'layers': [[1, 2, 3, 2], [0, 2, 3, 4], [1, 2, 3, 4], [2, 0, 2, 2], [3, 0, 2, 0.8194592272782729], [3, 1, 2, 0.639255356176587]]}"
b99399fa25a693019c4b0a35ca81f2d7,0.0,"{'1d_start': 6, 'opt': 'SGD', 'layers': [[2, 2, 3, 4], [2, 2, 2, 2], [2, 2, 3, 4], [2, 0, 3, 2], [1, 1, 3, 2], [0, 2, 6, 2]]}"
73bb780d550208b67f8048564db9839a,0.0,"{'1d_start': 6, 'opt': 'adam', 'layers': [[2, 2, 3, 4], [1, 0, 2, 2], [1, 2, 3, 3], [0, 0, 5, 4], [1, 1, 3, 2], [0, 0, 3, 2]]}"
050bcfd02c3cfd0411ebdcc23b794377,0.0,"{'1d_start': 6, 'opt': 'adam', 'layers': [[2, 1, 2, 3], [2, 0, 3, 4], [0, 2, 4, 3], [2, 2, 2, 4], [1, 1, 2, 2], [1, 2, 3, 4]]}"
a3abd26f24162feea86972d0cb051284,0.0,"{'1d_start': 7, 'opt': 'adam', 'layers': [[0, 2, 6, 4], [1, 1, 2, 4], [1, 1, 3, 3], [0, 0, 2, 3], [2, 0, 3, 3], [0, 1, 3, 3], [1, 2, 3, 4], [4, 2, 6, 0.13337507704835658]]}"
e84e3f2c6a2fe1d8158f9c3b741c2b27,0.0,"{'1d_start': 4, 'opt': 'SGD', 'layers': [[1, 1, 3, 4], [1, 1, 3, 3], [1, 1, 2, 2], [0, 1, 3, 2], [3, 2, 6, 0.8822650243430122], [4, 0, 5, 0.7497333562776686]]}"
2a36f124991f395f139416fac7930710,0.8053125143051147,"{'1d_start': 4, 'opt': 'SGD', 'layers': [[0, 0, 2, 2], [0, 0, 3, 4], [0, 0, 5, 3], [0, 2, 3, 2], [4, 2, 4, 0.40360710537671857]]}"
45782753b96c98395488b0f447708151,0.0,"{'1d_start': 4, 'opt': 'adam', 'layers': [[1, 2, 3, 3], [1, 1, 3, 4], [1, 2, 3, 2], [0, 0, 3, 3], [3, 2, 7, 0.4938914095258596], [4, 0, 3, 0.31357380417099173], [3, 0, 7, 0.07582028079976105], [3, 0, 4, 0.027887893481975047]]}"
d58ef278de981764ceeac877a1243510,0.0,"{'1d_start': 8, 'opt': 'adam', 'layers': [[2, 0, 3, 4], [2, 0, 3, 3], [1, 2, 3, 4], [0, 1, 6, 2], [2, 1, 3, 2], [0, 1, 4, 2], [2, 0, 3, 4], [0, 0, 1, 2]]}"
1633185026fed9749df70fe58ca36a36,0.0,"{'1d_start': 7, 'opt': 'SGD', 'layers': [[1, 1, 3, 3], [1, 1, 3, 2], [0, 0, 4, 3], [1, 2, 2, 4], [2, 2, 3, 3], [1, 1, 2, 3], [0, 2, 6, 4]]}"
65464d63df18d6bd8a3360d5c7e70a59,0.0,"{'1d_start': 5, 'opt': 'SGD', 'layers': [[2, 0, 3, 4], [1, 1, 3, 3], [1, 1, 3, 4], [0, 0, 4, 4], [0, 1, 3, 4], [4, 0, 5, 0.30267834439234803], [4, 0, 9, 0.2957375003605175]]}"
7735675db2303cda82722350e49f1872,0.601437509059906,"{'1d_start': 4, 'opt': 'adam', 'layers': [[1, 0, 2, 3], [2, 1, 3, 2], [0, 1, 6, 2], [0, 0, 3, 2], [3, 2, 4, 0.5307732907290741], [4, 2, 5, 0.4126027451396755], [4, 1, 8, 0.41882066391298106], [4, 1, 4, 0.2152709747196412]]}"
7c87a2eeb4139c45de4be81aef4c975b,0.0,"{'1d_start': 7, 'opt': 'SGD', 'layers': [[1, 1, 2, 3], [0, 0, 3, 4], [1, 2, 3, 3], [0, 2, 4, 4], [2, 1, 3, 2], [1, 1, 2, 2], [0, 1, 5, 2], [4, 0, 3, 0.18971102840936968]]}"
8439a85b030c5d34388103bcbadb6077,0.0,"{'1d_start': 7, 'opt': 'SGD', 'layers': [[1, 2, 2, 2], [0, 0, 5, 3], [1, 2, 2, 3], [0, 0, 1, 4], [0, 1, 5, 2], [2, 1, 3, 2], [2, 2, 2, 2], [4, 1, 1, 0.8919664386260849]]}"
6c0be625fdcd5948ff4953fb4eb68851,0.0,"{'1d_start': 6, 'opt': 'SGD', 'layers': [[0, 0, 5, 4], [1, 2, 3, 4], [2, 0, 3, 4], [1, 0, 3, 2], [0, 2, 5, 4], [1, 1, 3, 2], [4, 1, 9, 0.6720405739122834]]}"
f7cfaf1dca999a9963697c13e3ad83ed,0.2428124994039535,"{'1d_start': 4, 'opt': 'adam', 'layers': [[1, 2, 3, 3], [1, 0, 2, 4], [0, 0, 1, 2], [2, 0, 2, 2], [3, 2, 6, 0.8801124325884567], [3, 1, 1, 0.5946983511008932], [4, 1, 8, 0.6309980548438393], [3, 1, 1, 0.2568708351936782]]}"
b22a45265843da84e84c51c750b20693,0.0,"{'1d_start': 5, 'opt': 'adam', 'layers': [[0, 2, 3, 3], [1, 0, 3, 4], [1, 1, 3, 3], [0, 2, 5, 3], [2, 2, 2, 4], [4, 2, 9, 0.2836265521152563], [3, 1, 4, 0.8386881522151836]]}"
3c8eae56670da288f52ad187eaa1766f,0.7228333353996277,"{'1d_start': 4, 'opt': 'adam', 'layers': [[0, 2, 6, 2], [1, 2, 3, 3], [0, 1, 3, 2], [1, 1, 3, 2], [4, 0, 4, 0.5589606580190838]]}"
4acd44ea8e509a8cc5a3949277f966f2,0.0,"{'1d_start': 7, 'opt': 'SGD', 'layers': [[0, 2, 6, 2], [1, 2, 3, 3], [0, 2, 5, 2], [2, 0, 3, 4], [2, 1, 2, 2], [0, 2, 2, 3], [0, 1, 1, 4]]}"
d1c2f82c8ab3bf3042586f997b025195,0.0,"{'1d_start': 7, 'opt': 'SGD', 'layers': [[2, 0, 3, 3], [0, 0, 6, 4], [0, 2, 2, 4], [0, 2, 2, 4], [2, 1, 2, 4], [0, 0, 6, 3], [1, 2, 2, 2]]}"
42e34aef8890925388dd27ef92fc6bdc,0.0,"{'1d_start': 7, 'opt': 'adam', 'layers': [[0, 1, 3, 2], [2, 2, 2, 4], [2, 2, 3, 3], [0, 1, 5, 2], [1, 2, 2, 4], [1, 2, 3, 2], [2, 0, 3, 2]]}"
df7934cf32395212c09a98f0a3515b9a,0.0,"{'1d_start': 5, 'opt': 'adam', 'layers': [[2, 0, 2, 2], [2, 2, 3, 2], [1, 2, 2, 2], [1, 2, 2, 4], [2, 0, 2, 3], [3, 1, 1, 0.7580092348221734], [3, 0, 2, 0.07188766083873326], [4, 1, 5, 0.2741597194154927]]}"
f129c521c8bda7e73f1f092fe5c79b2c,0.0,"{'1d_start': 4, 'opt': 'adam', 'layers': [[1, 2, 2, 4], [2, 1, 3, 3], [1, 1, 2, 2], [1, 1, 3, 2], [4, 1, 8, 0.30649102183896165], [3, 0, 7, 0.00655008287986012]]}"
14404d5c6b8534add62186895d7c4f3c,0.0,"{'1d_start': 7, 'opt': 'SGD', 'layers': [[2, 2, 3, 3], [2, 0, 2, 2], [2, 1, 3, 2], [1, 2, 2, 3], [0, 0, 3, 2], [1, 1, 3, 4], [2, 0, 2, 2]]}"
479720c904266547b9f66daa03d5e543,0.7626875042915344,"{'1d_start': 4, 'opt': 'SGD', 'layers': [[0, 0, 2, 2], [0, 0, 3, 4], [1, 1, 3, 2], [0, 2, 3, 2], [4, 2, 4, 0.40360710537671857]]}"
dbe5bdeb7b601a6c07252ffa410d6d0b,0.0,"{'1d_start': 5, 'opt': 'SGD', 'layers': [[1, 2, 3, 2], [1, 2, 3, 4], [2, 0, 3, 4], [2, 1, 2, 2], [2, 0, 3, 2], [3, 2, 5, 0.10244916101649344], [4, 0, 9, 0.5131837693025529]]}"
7575726a741eef76073106e62b929d64,0.0,"{'1d_start': 8, 'opt': 'SGD', 'layers': [[0, 0, 3, 4], [2, 0, 3, 3], [0, 0, 5, 2], [0, 0, 1, 4], [1, 2, 2, 4], [0, 1, 3, 4], [2, 0, 3, 2], [1, 2, 3, 3]]}"
f9c69edb776b1a7270a0f9388a1ec848,0.0,"{'1d_start': 7, 'opt': 'SGD', 'layers': [[2, 2, 3, 3], [2, 0, 2, 2], [2, 1, 3, 2], [1, 2, 2, 3], [2, 2, 2, 4], [1, 1, 3, 4], [2, 0, 2, 2]]}"
277f91a978d8b612960e7839d4f4f2a2,0.1717291623353958,"{'1d_start': 4, 'opt': 'SGD', 'layers': [[1, 2, 3, 2], [0, 1, 1, 3], [1, 2, 3, 4], [2, 0, 2, 2], [3, 0, 2, 0.8194592272782729], [3, 1, 2, 0.639255356176587]]}"
17782914c2ad4264c9fb8446b6cf237a,0.234458327293396,"{'1d_start': 4, 'opt': 'adam', 'layers': [[1, 2, 3, 3], [1, 0, 2, 4], [0, 0, 1, 2], [2, 0, 2, 2], [3, 2, 6, 0.8801124325884567], [3, 0, 1, 0.8270160403453277], [4, 1, 8, 0.6309980548438393], [3, 1, 1, 0.2568708351936782]]}"
3da967ffd02d7f936088d1a2fb19a5c7,0.6680208444595337,"{'1d_start': 4, 'opt': 'adam', 'layers': [[2, 2, 2, 2], [1, 1, 3, 2], [0, 2, 5, 3], [2, 0, 2, 3]]}"
255b7c730a1a6fd9b9a80db57f881f6b,0.7739583253860474,"{'1d_start': 3, 'opt': 'adam', 'layers': [[0, 2, 6, 2], [1, 2, 3, 3], [0, 1, 3, 2], [4, 1, 4, 0.5023710429780133], [4, 0, 4, 0.5589606580190838]]}"
1b27897aa8a57ae559985b01f5620679,0.2605416774749756,"{'1d_start': 3, 'opt': 'SGD', 'layers': [[0, 2, 3, 4], [1, 2, 3, 4], [2, 0, 2, 2], [3, 0, 2, 0.8194592272782729], [3, 1, 2, 0.639255356176587]]}"
e978e87904f267ee4490603b56e3efb2,0.09866666793823242,"{'1d_start': 4, 'opt': 'adam', 'layers': [[1, 2, 3, 3], [1, 0, 2, 4], [0, 0, 1, 2], [2, 0, 2, 2], [3, 0, 8, 0.4950238303236834], [3, 1, 1, 0.5946983511008932], [4, 1, 8, 0.6309980548438393], [3, 1, 1, 0.2568708351936782]]}"
82e05bac57c4b5941d8b430619d2c8ba,0.0,"{'1d_start': 5, 'opt': 'adam', 'layers': [[1, 0, 2, 3], [2, 1, 3, 2], [0, 1, 6, 2], [0, 0, 3, 2], [1, 2, 3, 2], [4, 2, 5, 0.4126027451396755], [4, 1, 8, 0.41882066391298106], [4, 1, 4, 0.2152709747196412]]}"
d2160812ad9e212ca3ea910c76c1a7d2,0.7759583592414856,"{'1d_start': 4, 'opt': 'SGD', 'layers': [[0, 0, 2, 2], [1, 2, 2, 2], [0, 0, 5, 3], [0, 2, 3, 2], [4, 2, 4, 0.40360710537671857]]}"
24dafb7aad4eab9f61d07c6c059cb043,0.0,"{'1d_start': 4, 'opt': 'adam', 'layers': [[2, 2, 2, 2], [1, 1, 3, 2], [0, 2, 5, 3], [2, 1, 3, 4]]}"
b3c4a7306bd5e4351bdc57502a7663a8,0.5855416655540466,"{'1d_start': 4, 'opt': 'adam', 'layers': [[2, 2, 2, 2], [2, 1, 3, 2], [0, 2, 5, 3], [2, 0, 2, 3]]}"
12b1c319507f757ca6f9835952766a01,0.0,"{'1d_start': 4, 'opt': 'adam', 'layers': [[2, 0, 3, 2], [1, 2, 3, 3], [0, 1, 3, 2], [1, 1, 3, 2], [4, 0, 4, 0.5589606580190838]]}"
8db2dc0137a43d2830d13436a93c048c,0.6040416955947876,"{'1d_start': 4, 'opt': 'adam', 'layers': [[1, 0, 2, 3], [2, 1, 3, 2], [0, 1, 6, 2], [0, 0, 3, 2], [3, 2, 3, 0.3963417091156498], [4, 2, 5, 0.4126027451396755], [4, 1, 8, 0.41882066391298106], [4, 1, 4, 0.2152709747196412]]}"
d0deda2567db145dc4d761cf19ab6405,0.11081250011920929,"{'1d_start': 3, 'opt': 'SGD', 'layers': [[1, 2, 3, 2], [0, 1, 1, 3], [1, 2, 3, 4], [3, 0, 1, 0.6469937911770031], [3, 0, 2, 0.8194592272782729], [3, 1, 2, 0.639255356176587]]}"
b0bba89331edd102b2088740dc6aea36,0.7645208239555359,"{'1d_start': 4, 'opt': 'SGD', 'layers': [[0, 0, 2, 2], [1, 2, 2, 2], [0, 0, 5, 3], [0, 2, 3, 2], [4, 2, 4, 0.40360710537671857], [4, 1, 7, 0.35442866012278884]]}"
2d515b5d6b5c79a63a062db332608de5,0.7559375166893005,"{'1d_start': 3, 'opt': 'adam', 'layers': [[0, 2, 6, 2], [1, 2, 3, 3], [2, 1, 2, 3], [4, 1, 4, 0.5023710429780133], [4, 0, 4, 0.5589606580190838]]}"
7594e533b39464a0029f0338b83faff9,0.7317291498184204,"{'1d_start': 3, 'opt': 'adam', 'layers': [[0, 2, 6, 2], [1, 2, 3, 3], [1, 0, 2, 4], [4, 1, 4, 0.5023710429780133], [4, 0, 4, 0.5589606580190838]]}"
698f9d987d40bb3f0fdfd76cce479208,0.3969583213329315,"{'1d_start': 4, 'opt': 'SGD', 'layers': [[2, 0, 3, 3], [0, 0, 3, 4], [1, 1, 3, 2], [0, 2, 3, 2], [4, 2, 4, 0.40360710537671857]]}"
4ad857d0efb8275d32ba6a5a058e025d,0.6426666378974915,"{'1d_start': 4, 'opt': 'adam', 'layers': [[1, 0, 2, 3], [2, 1, 3, 2], [0, 1, 6, 2], [0, 0, 3, 2], [3, 2, 4, 0.5307732907290741], [4, 2, 5, 0.4126027451396755], [3, 1, 8, 0.4138434297840172], [4, 1, 4, 0.2152709747196412]]}"
72b10cecef03e43b44ddfe790bdd7a9c,0.22849999368190765,"{'1d_start': 4, 'opt': 'adam', 'layers': [[0, 2, 6, 2], [1, 2, 3, 3], [1, 0, 3, 4], [1, 1, 3, 2], [4, 0, 4, 0.5589606580190838]]}"
14897f7b1d182d2d941bad50012d9e64,0.7800833582878113,"{'1d_start': 4, 'opt': 'adam', 'layers': [[0, 1, 1, 3], [1, 1, 3, 2], [0, 2, 5, 3], [2, 0, 2, 4]]}"
9851ac273b2985653e8521350825a22e,0.41447916626930237,"{'1d_start': 4, 'opt': 'SGD', 'layers': [[1, 0, 2, 3], [2, 1, 3, 2], [0, 1, 6, 2], [0, 0, 3, 2], [3, 2, 3, 0.3963417091156498], [4, 2, 5, 0.4126027451396755], [4, 1, 8, 0.41882066391298106], [4, 1, 4, 0.2152709747196412]]}"
95a81ce7b89a1b352e8e41931cfe335c,0.6810416579246521,"{'1d_start': 3, 'opt': 'adam', 'layers': [[2, 2, 2, 2], [1, 1, 3, 2], [0, 2, 5, 3], [4, 0, 4, 0.4362649628402122]]}"
d002cd82f497b249320c241a7ceb037e,0.7379791736602783,"{'1d_start': 5, 'opt': 'SGD', 'layers': [[0, 0, 2, 2], [0, 0, 3, 4], [1, 1, 3, 2], [0, 2, 3, 2], [0, 2, 6, 4]]}"
c019d5abb04ddd0e875ffa0f0532634f,0.7603958249092102,"{'1d_start': 5, 'opt': 'SGD', 'layers': [[0, 0, 2, 2], [0, 0, 3, 4], [0, 0, 5, 3], [0, 2, 3, 2], [1, 2, 3, 3]]}"
04f1614e39a85ac10e4739a75c29ff15,0.6615833044052124,"{'1d_start': 3, 'opt': 'SGD', 'layers': [[0, 0, 2, 2], [0, 0, 3, 4], [1, 1, 3, 2], [3, 2, 2, 0.4412308727449915], [4, 2, 4, 0.40360710537671857]]}"
d06a276b50af0938be27c5b7963657b0,0.8152083158493042,"{'1d_start': 4, 'opt': 'adam', 'layers': [[0, 2, 6, 2], [1, 1, 3, 2], [0, 2, 5, 3], [2, 0, 2, 4]]}"
172959bcbfb7e11d1a4214e77970bc04,0.7498124837875366,"{'1d_start': 3, 'opt': 'SGD', 'layers': [[0, 0, 3, 4], [1, 1, 3, 2], [0, 2, 3, 2], [4, 2, 4, 0.40360710537671857]]}"
291568f2dde9e1068f2252959bbb67cb,0.5723958611488342,"{'1d_start': 5, 'opt': 'SGD', 'layers': [[2, 2, 2, 3], [0, 0, 3, 4], [0, 0, 5, 3], [0, 2, 3, 2], [1, 2, 3, 3]]}"
009018d62e6517ad9e12fb9d730a0a4b,0.8059791922569275,"{'1d_start': 3, 'opt': 'adam', 'layers': [[0, 2, 6, 2], [1, 2, 3, 3], [0, 1, 3, 2], [4, 1, 4, 0.5023710429780133], [3, 0, 8, 0.7566094240388855]]}"
e140866679eb9e529a239339d027e2eb,0.8114166855812073,"{'1d_start': 3, 'opt': 'SGD', 'layers': [[0, 0, 3, 4], [0, 0, 5, 3], [0, 2, 3, 2], [4, 2, 4, 0.40360710537671857]]}"
6cd9fc179a7627d609ab1779c57d8331,0.7016249895095825,"{'1d_start': 3, 'opt': 'adam', 'layers': [[0, 2, 6, 2], [1, 2, 3, 3], [2, 0, 3, 2], [4, 1, 4, 0.5023710429780133], [4, 0, 4, 0.5589606580190838]]}"
ca96833daf9ab02386b08a300040956b,0.805062472820282,"{'1d_start': 2, 'opt': 'adam', 'layers': [[0, 2, 6, 2], [1, 2, 3, 3], [3, 0, 9, 0.2091316503382497], [4, 1, 4, 0.5023710429780133], [4, 0, 4, 0.5589606580190838]]}"
c91eb5e99a7efc0a6285e27f6744637c,0.8252708315849304,"{'1d_start': 4, 'opt': 'adam', 'layers': [[0, 0, 2, 2], [0, 0, 3, 4], [0, 0, 5, 3], [0, 2, 3, 2], [4, 2, 4, 0.40360710537671857]]}"
d8b40bdd5f2da6d5c4fc50db88cb21d0,0.8233749866485596,"{'1d_start': 1, 'opt': 'adam', 'layers': [[0, 2, 6, 2], [4, 2, 1, 0.41825607948831833], [3, 0, 9, 0.2091316503382497], [4, 1, 4, 0.5023710429780133], [4, 0, 4, 0.5589606580190838]]}"
ff0406a512ac2837584ade529ebc7489,0.7698333263397217,"{'1d_start': 3, 'opt': 'SGD', 'layers': [[0, 0, 2, 2], [1, 2, 2, 2], [0, 0, 5, 3], [4, 2, 3, 0.8535451896964015], [4, 2, 4, 0.40360710537671857]]}"
2ba5c2a1b0c2ca9c99fce79d5769631d,0.7571458220481873,"{'1d_start': 4, 'opt': 'adam', 'layers': [[0, 2, 6, 2], [1, 1, 3, 2], [0, 2, 5, 3], [1, 1, 3, 2]]}"
9f1911ec06c322331bbe076d6c5fbc7b,0.7600208520889282,"{'1d_start': 3, 'opt': 'SGD', 'layers': [[1, 2, 2, 2], [0, 0, 5, 3], [0, 2, 3, 2], [4, 2, 4, 0.40360710537671857]]}"
8996f08cb3805d56497023789fa98463,0.793541669845581,"{'1d_start': 4, 'opt': 'adam', 'layers': [[0, 1, 1, 3], [2, 1, 3, 3], [0, 2, 5, 3], [2, 0, 2, 4]]}"
8834fc95170e7344d54fb95bd589d15c,0.7334791421890259,"{'1d_start': 3, 'opt': 'SGD', 'layers': [[0, 0, 3, 4], [1, 0, 3, 3], [0, 2, 3, 2], [4, 2, 4, 0.40360710537671857]]}"
321d3227949848223575cbdaf0675f7a,0.6509791612625122,"{'1d_start': 4, 'opt': 'SGD', 'layers': [[0, 0, 2, 2], [1, 2, 2, 2], [0, 0, 5, 3], [0, 1, 1, 4], [4, 2, 4, 0.40360710537671857], [4, 1, 7, 0.35442866012278884]]}"
6564d51ba45942115ed38534f7c7bc9d,0.757687509059906,"{'1d_start': 4, 'opt': 'SGD', 'layers': [[0, 0, 2, 2], [2, 2, 3, 3], [0, 0, 5, 3], [0, 2, 3, 2], [4, 2, 4, 0.40360710537671857]]}"
8b18c501e5f1ee18acb7395e847a937f,0.8555208444595337,"{'1d_start': 3, 'opt': 'adam', 'layers': [[0, 2, 6, 2], [2, 2, 2, 2], [0, 1, 3, 2], [4, 1, 4, 0.5023710429780133], [3, 0, 8, 0.7566094240388855]]}"
059ce07b13399f8a48acb0d9bfad0268,0.7883333563804626,"{'1d_start': 4, 'opt': 'SGD', 'layers': [[0, 0, 2, 2], [1, 2, 2, 2], [0, 0, 5, 3], [0, 2, 3, 2], [4, 1, 6, 0.008787017655097795]]}"
3dc863d2977cd5cf296e6af9583ff851,0.7785208225250244,"{'1d_start': 4, 'opt': 'adam', 'layers': [[0, 2, 6, 2], [1, 1, 3, 2], [0, 2, 5, 3], [1, 2, 2, 2]]}"
e32a4d4fccf837d15e7cba1c924cc4b0,0.8018125295639038,"{'1d_start': 4, 'opt': 'SGD', 'layers': [[0, 0, 2, 2], [0, 0, 3, 4], [0, 0, 5, 3], [0, 2, 3, 2], [4, 2, 4, 0.40360710537671857], [3, 2, 6, 0.04526609900261979]]}"
ad40c1b3c46d8ce53538671212efeac5,0.7816874980926514,"{'1d_start': 3, 'opt': 'adam', 'layers': [[0, 2, 6, 2], [1, 2, 3, 3], [0, 1, 3, 2], [4, 0, 7, 0.7320403095741798], [3, 0, 8, 0.7566094240388855]]}"
930e2448e7540686189e54124aa6b052,0.8203125,"{'1d_start': 1, 'opt': 'adam', 'layers': [[0, 2, 6, 2], [4, 2, 1, 0.41825607948831833], [3, 0, 9, 0.2091316503382497], [4, 1, 4, 0.5023710429780133], [4, 0, 4, 0.5589606580190838], [4, 1, 9, 0.7221365666813521]]}"
d9f1c14a55bfd39537060d95aab4f4f8,0.8315416574478149,"{'1d_start': 4, 'opt': 'adam', 'layers': [[0, 0, 2, 2], [0, 0, 3, 4], [2, 0, 3, 4], [0, 2, 3, 2], [4, 2, 4, 0.40360710537671857]]}"
e9b85982c66e70e23a5f8fda8f4633e7,0.7919583320617676,"{'1d_start': 3, 'opt': 'adam', 'layers': [[0, 2, 6, 2], [2, 2, 2, 2], [1, 0, 3, 3], [4, 1, 4, 0.5023710429780133], [3, 0, 8, 0.7566094240388855]]}"
4546ec947e66df260c9b250ee598ee1c,0.8264374732971191,"{'1d_start': 4, 'opt': 'adam', 'layers': [[0, 0, 2, 2], [0, 0, 3, 4], [1, 1, 2, 4], [0, 2, 3, 2], [4, 2, 4, 0.40360710537671857]]}"
de25dc13ed1727ef0e03aeae9cec60ed,0.8240000009536743,"{'1d_start': 4, 'opt': 'SGD', 'layers': [[0, 0, 2, 2], [0, 0, 3, 4], [0, 0, 5, 3], [0, 1, 4, 2], [4, 2, 4, 0.40360710537671857]]}"
37522dec0bc1419c85fb86656c9224ae,0.7301874756813049,"{'1d_start': 3, 'opt': 'SGD', 'layers': [[0, 0, 3, 4], [1, 0, 3, 4], [0, 2, 3, 2], [4, 2, 4, 0.40360710537671857]]}"
68d223ddc3598c1d47b4df816b7dd797,0.8081041574478149,"{'1d_start': 2, 'opt': 'adam', 'layers': [[0, 2, 6, 2], [1, 2, 3, 3], [4, 1, 6, 0.711630015301909], [4, 1, 4, 0.5023710429780133], [3, 0, 8, 0.7566094240388855]]}"
01857742cb1d4a975d19230ef00e6768,0.8120833039283752,"{'1d_start': 1, 'opt': 'adam', 'layers': [[0, 2, 6, 2], [3, 0, 5, 0.23849624548849932], [3, 0, 9, 0.2091316503382497], [4, 1, 4, 0.5023710429780133], [4, 0, 4, 0.5589606580190838]]}"
68a734aba69e64839ae35166fab97eb3,0.8227083086967468,"{'1d_start': 4, 'opt': 'adam', 'layers': [[0, 0, 2, 2], [1, 0, 2, 2], [0, 0, 5, 3], [0, 2, 3, 2], [4, 2, 4, 0.40360710537671857]]}"
e589a60632586209c0fd0ddc123928fd,0.7921249866485596,"{'1d_start': 1, 'opt': 'adam', 'layers': [[1, 2, 3, 3], [3, 0, 9, 0.2091316503382497], [4, 1, 4, 0.5023710429780133], [4, 0, 4, 0.5589606580190838]]}"
9c8c8cf55435725c406eb4898cc97820,0.812125027179718,"{'1d_start': 1, 'opt': 'adam', 'layers': [[0, 2, 6, 2], [4, 2, 1, 0.41825607948831833], [3, 0, 9, 0.2091316503382497], [4, 1, 4, 0.5023710429780133], [4, 0, 4, 0.5589606580190838], [3, 2, 6, 0.5341163047841693]]}"
6ed701bdd5d47403dce0351be2e5c4d0,0.8294374942779541,"{'1d_start': 3, 'opt': 'adam', 'layers': [[0, 0, 3, 4], [0, 0, 5, 3], [0, 2, 3, 2], [4, 2, 4, 0.40360710537671857]]}"
fe75d4b5edb26829367771a5d68a7e5a,0.7929583191871643,"{'1d_start': 4, 'opt': 'adam', 'layers': [[0, 0, 2, 2], [0, 0, 3, 4], [1, 1, 2, 4], [2, 1, 3, 2], [4, 2, 4, 0.40360710537671857]]}"
7529c972176c1515a7e9f03041f0e01c,0.8421875238418579,"{'1d_start': 1, 'opt': 'adam', 'layers': [[0, 2, 6, 2], [4, 2, 1, 0.41825607948831833], [3, 0, 9, 0.2091316503382497], [4, 1, 4, 0.5023710429780133], [3, 2, 8, 0.3321643716504433], [3, 2, 6, 0.5341163047841693]]}"
873925defd01060ee6fd429902ce528c,0.8215625286102295,"{'1d_start': 1, 'opt': 'adam', 'layers': [[0, 2, 6, 2], [4, 2, 1, 0.41825607948831833], [3, 0, 9, 0.2091316503382497], [4, 1, 4, 0.5023710429780133], [4, 0, 4, 0.5589606580190838], [3, 0, 9, 0.5189391468334161]]}"
d82bae251802b5f44d1a9a0f68ec25a0,0.7695000171661377,"{'1d_start': 5, 'opt': 'adam', 'layers': [[0, 0, 2, 2], [0, 0, 3, 4], [2, 0, 3, 4], [0, 2, 3, 2], [2, 2, 2, 4]]}"
5851944a527270d35350830fb44a3528,0.8252708315849304,"{'1d_start': 3, 'opt': 'adam', 'layers': [[0, 0, 2, 2], [1, 0, 2, 2], [0, 0, 5, 3], [3, 2, 5, 0.5136629411831805], [4, 2, 4, 0.40360710537671857]]}"
3b89ebe19cce7571038aff25f36faaf0,0.7959166765213013,"{'1d_start': 1, 'opt': 'adam', 'layers': [[1, 0, 3, 2], [3, 0, 5, 0.23849624548849932], [3, 0, 9, 0.2091316503382497], [4, 1, 4, 0.5023710429780133], [4, 0, 4, 0.5589606580190838]]}"
a082ff1de0a7a6aeb02a935ad63c8cb9,0.809374988079071,"{'1d_start': 4, 'opt': 'adam', 'layers': [[0, 2, 6, 2], [1, 0, 3, 4], [0, 2, 5, 3], [2, 0, 2, 4]]}"
56e74ebefbf9fc62ae6c54975ff0edc4,0.8376250267028809,"{'1d_start': 1, 'opt': 'adam', 'layers': [[0, 1, 1, 2], [4, 2, 1, 0.41825607948831833], [3, 0, 9, 0.2091316503382497], [4, 1, 4, 0.5023710429780133], [4, 0, 4, 0.5589606580190838]]}"
d74409d51f26d836aa7a8b4f23fc3736,0.7665416598320007,"{'1d_start': 2, 'opt': 'adam', 'layers': [[0, 0, 2, 2], [1, 0, 2, 2], [4, 0, 8, 0.8158541957863565], [3, 2, 5, 0.5136629411831805], [4, 2, 4, 0.40360710537671857]]}"
88392f2a7481bfbf689435e989f5db58,0.754812479019165,"{'1d_start': 5, 'opt': 'adam', 'layers': [[0, 0, 2, 2], [0, 0, 3, 4], [2, 0, 3, 4], [0, 2, 3, 2], [1, 2, 2, 2]]}"
c4c680492dbde0d83fb4672e0d3231a1,0.8645625114440918,"{'1d_start': 3, 'opt': 'adam', 'layers': [[0, 2, 6, 2], [0, 1, 1, 3], [0, 1, 3, 2], [4, 1, 4, 0.5023710429780133], [3, 0, 8, 0.7566094240388855]]}"
be93b3b4dfbcccda9bdda8fe363c1939,0.8566874861717224,"{'1d_start': 3, 'opt': 'adam', 'layers': [[0, 0, 3, 4], [0, 0, 5, 3], [2, 2, 2, 3], [4, 2, 4, 0.40360710537671857]]}"
cc2f0914e483128b4f3ae97ce5233d33,0.8140208125114441,"{'1d_start': 4, 'opt': 'SGD', 'layers': [[0, 0, 2, 2], [0, 0, 3, 4], [0, 0, 5, 3], [0, 1, 4, 2], [3, 1, 4, 0.10471362036559065]]}"
3e63766755b5117ded425908d2b4bdad,0.8313958048820496,"{'1d_start': 1, 'opt': 'adam', 'layers': [[0, 1, 1, 2], [4, 2, 1, 0.41825607948831833], [3, 0, 9, 0.7250265632381983], [4, 1, 4, 0.5023710429780133], [4, 0, 4, 0.5589606580190838]]}"
e21a272a9e5fe231d20fd54cab250ee1,0.8541250228881836,"{'1d_start': 3, 'opt': 'adam', 'layers': [[0, 2, 6, 2], [2, 2, 2, 4], [0, 1, 3, 2], [4, 1, 4, 0.5023710429780133], [3, 0, 8, 0.7566094240388855]]}"
21148348afc6b8785e6b182d27183200,0.8264999985694885,"{'1d_start': 1, 'opt': 'adam', 'layers': [[0, 2, 6, 2], [4, 2, 1, 0.41825607948831833], [3, 0, 9, 0.2091316503382497], [4, 1, 4, 0.5023710429780133], [3, 1, 4, 0.17983453933308707], [3, 2, 6, 0.5341163047841693]]}"
85a6a489b013801f8ea0d88f8f55c07a,0.7896458506584167,"{'1d_start': 4, 'opt': 'SGD', 'layers': [[0, 0, 2, 2], [0, 0, 3, 4], [0, 0, 5, 3], [1, 0, 2, 3], [4, 2, 4, 0.40360710537671857]]}"
7bdd8bb9da01899332ba348c2b131d45,0.8273541927337646,"{'1d_start': 4, 'opt': 'adam', 'layers': [[0, 0, 2, 2], [0, 0, 3, 4], [1, 0, 2, 4], [0, 2, 3, 2], [4, 2, 4, 0.40360710537671857]]}"
7abc34907c422eb5a2740acf8db2bdbc,0.7686458230018616,"{'1d_start': 2, 'opt': 'adam', 'layers': [[0, 2, 6, 2], [0, 1, 1, 3], [3, 1, 4, 0.8907491133613141], [4, 1, 4, 0.5023710429780133], [3, 0, 8, 0.7566094240388855]]}"
1fe55cc024dff45888731d120770936e,0.8511041402816772,"{'1d_start': 3, 'opt': 'adam', 'layers': [[0, 2, 6, 2], [2, 2, 2, 4], [0, 1, 3, 2], [4, 1, 4, 0.5023710429780133], [3, 0, 8, 0.7566094240388855], [4, 2, 2, 0.5839345712718942]]}"
1d33ea993bd271da66e4dde3f6ccdca9,0.8369374871253967,"{'1d_start': 4, 'opt': 'adam', 'layers': [[0, 0, 3, 4], [0, 0, 5, 3], [0, 2, 3, 2], [1, 2, 2, 3]]}"
dc5e3ffba9a2f01189ae13f7b1effc78,0.8712708353996277,"{'1d_start': 3, 'opt': 'adam', 'layers': [[0, 2, 6, 2], [0, 1, 4, 4], [0, 1, 3, 2], [4, 1, 4, 0.5023710429780133], [3, 0, 8, 0.7566094240388855]]}"
22fe95865394f87ec945c2b43a7ad867,0.7336249947547913,"{'1d_start': 3, 'opt': 'adam', 'layers': [[2, 2, 2, 3], [2, 2, 2, 2], [0, 1, 3, 2], [4, 1, 4, 0.5023710429780133], [3, 0, 8, 0.7566094240388855]]}"
c6e0f96c6d420886315a2a51534c7343,0.8085416555404663,"{'1d_start': 0, 'opt': 'adam', 'layers': [[4, 2, 1, 0.41825607948831833], [3, 0, 9, 0.2091316503382497], [4, 1, 4, 0.5023710429780133], [3, 2, 8, 0.3321643716504433], [3, 2, 6, 0.5341163047841693]]}"
dd1be506a2588ace36540ba78eb2afb0,0.7781875133514404,"{'1d_start': 4, 'opt': 'adam', 'layers': [[0, 0, 2, 2], [0, 0, 3, 4], [2, 0, 3, 4], [1, 0, 2, 4], [4, 2, 4, 0.40360710537671857]]}"
680b4a0c6d0928de2f074d34b061306d,0.4568333327770233,"{'1d_start': 1, 'opt': 'adam', 'layers': [[0, 2, 6, 2], [4, 2, 1, 0.41825607948831833], [3, 0, 9, 0.2091316503382497], [3, 1, 1, 0.7507085754270574], [3, 1, 4, 0.17983453933308707], [3, 2, 6, 0.5341163047841693]]}"
15333b23a967cdfeef210821433cd6ef,0.778083324432373,"{'1d_start': 1, 'opt': 'adam', 'layers': [[1, 0, 2, 4], [4, 2, 1, 0.41825607948831833], [3, 0, 9, 0.7250265632381983], [4, 1, 4, 0.5023710429780133], [4, 0, 4, 0.5589606580190838]]}"
6a0f375042eab6867c674fe38e6c479a,0.8077499866485596,"{'1d_start': 2, 'opt': 'adam', 'layers': [[0, 1, 1, 2], [2, 2, 3, 4], [3, 0, 9, 0.2091316503382497], [4, 1, 4, 0.5023710429780133], [4, 0, 4, 0.5589606580190838]]}"
b690671e3b1a96a9498dbb920fded11b,0.8353541493415833,"{'1d_start': 4, 'opt': 'adam', 'layers': [[0, 0, 3, 4], [0, 0, 5, 3], [0, 2, 3, 2], [0, 0, 2, 4]]}"
1780438b24dca4bbe999000df81c366d,0.8294791579246521,"{'1d_start': 3, 'opt': 'adam', 'layers': [[0, 2, 6, 2], [2, 2, 2, 4], [1, 1, 2, 3], [4, 1, 4, 0.5023710429780133], [3, 0, 8, 0.7566094240388855]]}"
755967edc23827e2f3384cacb12f37f4,0.7803750038146973,"{'1d_start': 1, 'opt': 'adam', 'layers': [[0, 1, 1, 2], [4, 2, 1, 0.41825607948831833], [3, 0, 9, 0.2091316503382497], [4, 1, 4, 0.5023710429780133], [4, 0, 4, 0.5589606580190838], [4, 0, 2, 0.8968357339453873]]}"
a797728e8f524bf92e56ed784099ff4c,0.8187291622161865,"{'1d_start': 0, 'opt': 'adam', 'layers': [[3, 2, 5, 0.4556517180491048], [4, 2, 1, 0.41825607948831833], [3, 0, 9, 0.2091316503382497], [4, 1, 4, 0.5023710429780133], [3, 2, 8, 0.3321643716504433], [3, 2, 6, 0.5341163047841693]]}"
2ac29ed685929318d532f1b7f28214a5,0.7427083253860474,"{'1d_start': 3, 'opt': 'adam', 'layers': [[2, 0, 3, 2], [0, 1, 1, 3], [0, 1, 3, 2], [4, 1, 4, 0.5023710429780133], [3, 0, 8, 0.7566094240388855]]}"
cf79ad84738b5436e1f504a49031589e,0.80447918176651,"{'1d_start': 2, 'opt': 'adam', 'layers': [[0, 2, 6, 2], [2, 2, 2, 2], [3, 1, 4, 0.16247800860425549], [4, 1, 4, 0.5023710429780133], [3, 0, 8, 0.7566094240388855]]}"
c8011fa18b8fd540b5146e89c12db695,0.8085416555404663,"{'1d_start': 3, 'opt': 'SGD', 'layers': [[0, 0, 3, 4], [0, 0, 5, 3], [2, 2, 2, 3], [4, 2, 4, 0.40360710537671857]]}"
21ec9ea1ce59195e70806730b7c7b35e,0.8234583139419556,"{'1d_start': 3, 'opt': 'adam', 'layers': [[0, 2, 6, 2], [1, 0, 3, 4], [0, 1, 3, 2], [4, 1, 4, 0.5023710429780133], [3, 0, 8, 0.7566094240388855]]}"
5b52f744e98b5708097373e4197cd2e2,0.8369791507720947,"{'1d_start': 3, 'opt': 'adam', 'layers': [[0, 2, 6, 2], [2, 1, 2, 2], [0, 1, 3, 2], [4, 1, 4, 0.5023710429780133], [3, 0, 8, 0.7566094240388855]]}"
ac62c51931a25fff899db6b1a538b96d,0.8335624933242798,"{'1d_start': 2, 'opt': 'adam', 'layers': [[0, 0, 3, 4], [0, 0, 5, 3], [4, 2, 5, 0.5944788983252862], [4, 2, 4, 0.40360710537671857]]}"
4b896bd9285a3ca2b5c2c0c8af52f40d,0.8619999885559082,"{'1d_start': 3, 'opt': 'adam', 'layers': [[0, 2, 4, 3], [0, 1, 4, 4], [0, 1, 3, 2], [4, 1, 4, 0.5023710429780133], [3, 0, 8, 0.7566094240388855]]}"
1ba5d551c03f52c9cc1df4032489da3a,0.8561041951179504,"{'1d_start': 3, 'opt': 'adam', 'layers': [[0, 2, 4, 3], [0, 1, 1, 3], [0, 1, 3, 2], [4, 1, 4, 0.5023710429780133], [3, 0, 8, 0.7566094240388855]]}"
bf840b8d6fed079b1adbc6621bfb12b7,0.7641875147819519,"{'1d_start': 4, 'opt': 'adam', 'layers': [[0, 0, 3, 4], [0, 0, 5, 3], [2, 2, 2, 3], [1, 2, 3, 4]]}"
e37df49751fdc8809eb6e87d39cbd9fe,0.8482916951179504,"{'1d_start': 3, 'opt': 'adam', 'layers': [[0, 2, 6, 2], [2, 2, 3, 2], [0, 1, 3, 2], [4, 1, 4, 0.5023710429780133], [3, 0, 8, 0.7566094240388855]]}"
b0363cb4bdbf53b6b718be4da1b70129,0.8494583368301392,"{'1d_start': 3, 'opt': 'adam', 'layers': [[0, 0, 3, 4], [0, 0, 5, 3], [2, 0, 3, 4], [4, 2, 4, 0.40360710537671857]]}"
1b4ba34fb19c4e569178f4cb9ccd89e4,0.8604375123977661,"{'1d_start': 4, 'opt': 'adam', 'layers': [[0, 2, 6, 2], [2, 2, 2, 2], [0, 1, 3, 2], [0, 1, 3, 3], [3, 0, 8, 0.7566094240388855]]}"
d009246fc66fa52b5be3c81864c29d10,0.8591874837875366,"{'1d_start': 3, 'opt': 'adam', 'layers': [[0, 2, 4, 2], [0, 1, 1, 3], [0, 1, 3, 2], [4, 1, 4, 0.5023710429780133], [3, 0, 8, 0.7566094240388855]]}"
de50663675afcf4f3e5d6fc62777a030,0.8046249747276306,"{'1d_start': 3, 'opt': 'adam', 'layers': [[2, 0, 2, 2], [0, 0, 5, 3], [2, 2, 2, 3], [4, 2, 4, 0.40360710537671857]]}"
70bcf1300ff51f978a057136fa0a7f7e,0.8409374952316284,"{'1d_start': 3, 'opt': 'adam', 'layers': [[0, 0, 3, 4], [0, 0, 5, 3], [2, 2, 3, 4], [4, 2, 4, 0.40360710537671857]]}"
96f4d76012efb30472ec57441bd08c80,0.6556666493415833,"{'1d_start': 2, 'opt': 'adam', 'layers': [[0, 2, 4, 3], [0, 1, 4, 4], [3, 1, 2, 0.6185070439018335], [4, 1, 4, 0.5023710429780133], [3, 0, 8, 0.7566094240388855]]}"
e35bca7135297898302b64d55bae2778,0.8400208353996277,"{'1d_start': 3, 'opt': 'adam', 'layers': [[0, 2, 6, 2], [1, 0, 2, 2], [0, 1, 3, 2], [4, 1, 4, 0.5023710429780133], [3, 0, 8, 0.7566094240388855]]}"
ae23d364319a1960c17317ce3743d843,0.8100625276565552,"{'1d_start': 4, 'opt': 'adam', 'layers': [[0, 0, 3, 4], [0, 0, 5, 3], [2, 2, 2, 3], [1, 2, 2, 4]]}"
d11730a9758f06b8f290dfd07deb08e1,0.8539791703224182,"{'1d_start': 3, 'opt': 'adam', 'layers': [[0, 2, 6, 2], [2, 1, 2, 4], [0, 1, 3, 2], [4, 1, 4, 0.5023710429780133], [3, 0, 8, 0.7566094240388855]]}"
fe89f2defd8d9dd11740318ffd57c957,0.8037916421890259,"{'1d_start': 3, 'opt': 'adam', 'layers': [[1, 0, 2, 2], [0, 0, 5, 3], [2, 2, 2, 3], [4, 2, 4, 0.40360710537671857]]}"
09be4f9f4f70c4b9262ae3b006024d7b,0.7826041579246521,"{'1d_start': 3, 'opt': 'adam', 'layers': [[0, 0, 3, 4], [1, 2, 2, 3], [2, 2, 2, 3], [4, 2, 4, 0.40360710537671857]]}"
e7c7f41b87f52fb8de2ad2e45b6040de,0.8163750171661377,"{'1d_start': 3, 'opt': 'adam', 'layers': [[0, 0, 3, 4], [0, 2, 1, 2], [2, 2, 2, 3], [4, 2, 4, 0.40360710537671857]]}"
62cd2c726c472913efd958834a52ce57,0.8528333306312561,"{'1d_start': 3, 'opt': 'adam', 'layers': [[0, 0, 3, 4], [0, 0, 5, 3], [2, 2, 2, 3], [3, 0, 8, 0.8437713317398965]]}"
7f75336978dbddc0b03f9c4214796111,0.8008333444595337,"{'1d_start': 3, 'opt': 'SGD', 'layers': [[0, 2, 6, 2], [0, 1, 4, 4], [0, 1, 3, 2], [4, 1, 4, 0.5023710429780133], [3, 0, 8, 0.7566094240388855]]}"
4ed18783761883feb210855d2f71eeda,0.8399583101272583,"{'1d_start': 4, 'opt': 'adam', 'layers': [[0, 0, 3, 4], [0, 0, 5, 3], [2, 2, 2, 3], [0, 2, 3, 3]]}"
be92576f4067d01c500601c1a2470fe4,0.8000208139419556,"{'1d_start': 5, 'opt': 'adam', 'layers': [[0, 2, 6, 2], [2, 2, 2, 2], [0, 1, 3, 2], [0, 1, 3, 3], [2, 0, 3, 2]]}"
cf5d38b9e2983fcad63892bba03724d0,0.77364581823349,"{'1d_start': 3, 'opt': 'adam', 'layers': [[1, 1, 3, 4], [0, 1, 4, 4], [0, 1, 3, 2], [4, 1, 4, 0.5023710429780133], [3, 0, 8, 0.7566094240388855]]}"
909233b1627432aab41b47d5cc2aeecc,0.8096666932106018,"{'1d_start': 3, 'opt': 'SGD', 'layers': [[0, 2, 6, 2], [0, 1, 1, 3], [0, 1, 3, 2], [4, 1, 4, 0.5023710429780133], [3, 0, 8, 0.7566094240388855]]}"
55849107f504abd71cd1bf2146890cfc,0.8454791903495789,"{'1d_start': 3, 'opt': 'adam', 'layers': [[0, 0, 3, 4], [0, 0, 5, 3], [2, 2, 2, 3], [4, 1, 7, 0.724214508717673]]}"
30ac5edc8c45567de2ce5df06f5dca9e,0.862333357334137,"{'1d_start': 3, 'opt': 'adam', 'layers': [[0, 2, 4, 3], [0, 1, 4, 4], [1, 2, 2, 2], [4, 1, 4, 0.5023710429780133], [3, 0, 8, 0.7566094240388855]]}"
31e41f697826f8f270beb83a79b3b920,0.8690833449363708,"{'1d_start': 3, 'opt': 'adam', 'layers': [[0, 2, 6, 2], [0, 1, 4, 4], [0, 1, 3, 2], [4, 1, 4, 0.5023710429780133], [3, 0, 8, 0.7566094240388855], [3, 2, 9, 0.15445572787448267]]}"
72b33931552f41e6bc7f19ec36b03689,0.7854375243186951,"{'1d_start': 3, 'opt': 'SGD', 'layers': [[0, 2, 4, 2], [0, 1, 1, 3], [0, 1, 3, 2], [4, 1, 4, 0.5023710429780133], [3, 0, 8, 0.7566094240388855]]}"
32cd439f453b7f12fd3ce6858386572b,0.8636458516120911,"{'1d_start': 3, 'opt': 'adam', 'layers': [[0, 1, 3, 2], [0, 0, 5, 3], [2, 2, 2, 3], [4, 2, 4, 0.40360710537671857]]}"
7e0aca71e0f12beee60557ad37d46e84,0.8046249747276306,"{'1d_start': 3, 'opt': 'adam', 'layers': [[0, 2, 4, 3], [1, 0, 3, 4], [0, 1, 3, 2], [4, 1, 4, 0.5023710429780133], [3, 0, 8, 0.7566094240388855]]}"
ea9adb3865f420609d11acbf6f2eee4d,0.8638333082199097,"{'1d_start': 3, 'opt': 'adam', 'layers': [[0, 2, 4, 2], [0, 1, 1, 3], [0, 1, 3, 2], [3, 2, 4, 0.05058314198852009], [3, 0, 8, 0.7566094240388855]]}"
d130702d0f0dab2289551dd7019a6214,0.8539166450500488,"{'1d_start': 4, 'opt': 'adam', 'layers': [[0, 2, 6, 2], [0, 1, 1, 3], [0, 1, 3, 2], [1, 1, 2, 4], [3, 0, 8, 0.7566094240388855]]}"
d08cf27256c9d3914c92dc1a86ddf85f,0.8417083621025085,"{'1d_start': 4, 'opt': 'adam', 'layers': [[0, 2, 6, 2], [2, 2, 2, 2], [0, 1, 3, 2], [0, 1, 3, 3], [4, 0, 9, 0.03944497913083872]]}"
92fb4ae93fc73a0ade16b5fc87978e0a,0.8607083559036255,"{'1d_start': 3, 'opt': 'adam', 'layers': [[0, 0, 3, 4], [0, 0, 5, 3], [2, 2, 2, 3], [3, 2, 9, 0.1403908368425454]]}"
fdc518eb4df43e945ff9ec94749116ad,0.8512916564941406,"{'1d_start': 3, 'opt': 'adam', 'layers': [[0, 2, 6, 2], [0, 1, 1, 3], [0, 1, 3, 2], [4, 1, 4, 0.5023710429780133], [3, 0, 8, 0.7566094240388855], [4, 0, 6, 0.54901930902364]]}"
364d0d91af2b5dc21bff82200a3d8092,0.8666250109672546,"{'1d_start': 3, 'opt': 'adam', 'layers': [[0, 2, 4, 2], [0, 1, 6, 3], [0, 1, 3, 2], [3, 2, 4, 0.05058314198852009], [3, 0, 8, 0.7566094240388855]]}"
770ac43f8a863b7c150d62dfefb26b0c,0.8159791827201843,"{'1d_start': 3, 'opt': 'adam', 'layers': [[2, 0, 2, 3], [0, 1, 4, 4], [0, 1, 3, 2], [4, 1, 4, 0.5023710429780133], [3, 0, 8, 0.7566094240388855]]}"
f17f4a8e30e0f163d0f30da28ed1d97e,0.7961041927337646,"{'1d_start': 3, 'opt': 'adam', 'layers': [[0, 1, 3, 2], [2, 2, 2, 2], [2, 2, 2, 3], [4, 2, 4, 0.40360710537671857]]}"
f9caae12f888d6c99242dd89da89a1b1,0.8556458353996277,"{'1d_start': 3, 'opt': 'adam', 'layers': [[0, 2, 6, 2], [0, 1, 4, 4], [1, 0, 3, 2], [4, 1, 4, 0.5023710429780133], [3, 0, 8, 0.7566094240388855]]}"
06474cb91a8fbb2dea83e39fe8568dd6,0.7927083373069763,"{'1d_start': 2, 'opt': 'adam', 'layers': [[0, 2, 6, 2], [0, 1, 4, 4], [3, 1, 3, 0.22305493517751468], [4, 1, 4, 0.5023710429780133], [3, 0, 8, 0.7566094240388855]]}"
83fa0d8819fae68afa15447c19e20b9a,0.8582916855812073,"{'1d_start': 4, 'opt': 'adam', 'layers': [[0, 2, 6, 2], [0, 1, 4, 4], [0, 1, 3, 2], [0, 1, 4, 4], [3, 0, 8, 0.7566094240388855], [3, 2, 9, 0.15445572787448267]]}"
b30fa408317cf5b60b22c8601dc7d7ea,0.8488541841506958,"{'1d_start': 3, 'opt': 'adam', 'layers': [[0, 2, 6, 2], [2, 2, 2, 2], [0, 1, 3, 2], [4, 1, 2, 0.3011296905914734], [3, 0, 8, 0.7566094240388855]]}"
cb5c5641abcc73ca3f0b6c009b8bab1e,0.793583333492279,"{'1d_start': 4, 'opt': 'adam', 'layers': [[0, 2, 4, 3], [0, 1, 4, 4], [1, 2, 2, 2], [1, 1, 3, 3], [3, 0, 8, 0.7566094240388855]]}"
e4a212b2686b86646150b3d00cf12016,0.8139583468437195,"{'1d_start': 3, 'opt': 'SGD', 'layers': [[0, 2, 4, 3], [0, 1, 4, 4], [0, 1, 3, 2], [4, 1, 4, 0.5023710429780133], [3, 0, 8, 0.7566094240388855]]}"
9e2a9b2cf71384a116dc8a260aea680b,0.7659375071525574,"{'1d_start': 3, 'opt': 'adam', 'layers': [[0, 1, 3, 2], [1, 1, 2, 2], [2, 2, 2, 3], [4, 2, 4, 0.40360710537671857]]}"
6b7c7762c660c08f14d459c31ffa5c05,0.8646458387374878,"{'1d_start': 4, 'opt': 'adam', 'layers': [[0, 2, 6, 2], [0, 1, 1, 3], [0, 1, 3, 2], [1, 1, 2, 2], [3, 0, 8, 0.7566094240388855]]}"
6ef06014f2f94cda2fe7000b3890b558,0.828166663646698,"{'1d_start': 4, 'opt': 'adam', 'layers': [[0, 2, 4, 3], [0, 1, 4, 4], [1, 2, 2, 2], [2, 1, 3, 2], [3, 0, 8, 0.7566094240388855]]}"
9af91f0698cbe013368b194051406d29,0.8616250157356262,"{'1d_start': 3, 'opt': 'adam', 'layers': [[0, 2, 4, 3], [0, 1, 4, 4], [0, 1, 3, 2], [4, 2, 3, 0.20723679702824235], [3, 0, 8, 0.7566094240388855]]}"
9eecc256b7ede994f02875656486a2fd,0.8132708072662354,"{'1d_start': 3, 'opt': 'SGD', 'layers': [[0, 2, 6, 2], [0, 1, 4, 4], [0, 1, 3, 2], [4, 1, 4, 0.5023710429780133], [3, 0, 8, 0.7566094240388855], [3, 2, 9, 0.15445572787448267]]}"
dfbdc8f716f13fc976d7b7744f5dbdf6,0.836187481880188,"{'1d_start': 3, 'opt': 'adam', 'layers': [[0, 2, 4, 2], [0, 1, 1, 3], [0, 2, 3, 4], [3, 2, 4, 0.05058314198852009], [3, 0, 8, 0.7566094240388855]]}"
b13e278d96b57244bd7ba4059c1308a0,0.8148124814033508,"{'1d_start': 3, 'opt': 'adam', 'layers': [[0, 2, 4, 2], [1, 2, 3, 4], [0, 1, 3, 2], [3, 2, 4, 0.05058314198852009], [3, 0, 8, 0.7566094240388855]]}"
18e1084b3aacedffd5aa89a1730e8de1,0.8563541769981384,"{'1d_start': 3, 'opt': 'adam', 'layers': [[0, 2, 4, 3], [0, 1, 4, 4], [0, 1, 3, 2], [4, 1, 4, 0.5023710429780133], [3, 0, 4, 0.1779058147613902]]}"
82e6c163eb64e855cacdfe40b1a08f3d,0.8552916646003723,"{'1d_start': 4, 'opt': 'adam', 'layers': [[0, 2, 6, 2], [0, 1, 4, 4], [0, 1, 3, 2], [1, 1, 2, 2], [3, 0, 8, 0.7566094240388855]]}"
ef7e081cf25e5236ee6f3004abea168e,0.8493541479110718,"{'1d_start': 2, 'opt': 'adam', 'layers': [[0, 1, 4, 4], [0, 1, 3, 2], [4, 1, 4, 0.5023710429780133], [3, 0, 8, 0.7566094240388855]]}"
0cc032928c989ef25848319fd9fea228,0.7795416712760925,"{'1d_start': 3, 'opt': 'adam', 'layers': [[0, 2, 6, 2], [0, 1, 4, 4], [0, 1, 3, 2], [3, 0, 1, 0.09335942017047322], [3, 0, 8, 0.7566094240388855]]}"
66fd688a153542afddb02e18fafe5624,0.8610208630561829,"{'1d_start': 3, 'opt': 'adam', 'layers': [[0, 2, 6, 2], [0, 1, 4, 4], [0, 1, 3, 2], [4, 2, 4, 0.4892671689872495], [3, 0, 8, 0.7566094240388855]]}"
ac2306b1f93f81114e73d0b42e046a2c,0.8351666927337646,"{'1d_start': 3, 'opt': 'adam', 'layers': [[0, 2, 4, 2], [2, 0, 3, 2], [0, 1, 3, 2], [3, 2, 4, 0.05058314198852009], [3, 0, 8, 0.7566094240388855]]}"
eef00d4342b82b4497ed52120c3a317f,0.8426250219345093,"{'1d_start': 4, 'opt': 'adam', 'layers': [[0, 2, 6, 2], [0, 1, 1, 3], [0, 1, 3, 2], [1, 1, 2, 2], [3, 0, 7, 0.5626644372180987]]}"
79486948cdf77993587366d6ba02842d,0.8655624985694885,"{'1d_start': 3, 'opt': 'adam', 'layers': [[0, 2, 6, 2], [0, 1, 4, 4], [0, 1, 5, 3], [4, 1, 4, 0.5023710429780133], [3, 0, 8, 0.7566094240388855]]}"
48a761549cfeb45a1fc8714632a60560,0.83572918176651,"{'1d_start': 3, 'opt': 'adam', 'layers': [[2, 0, 2, 3], [0, 1, 6, 3], [0, 1, 3, 2], [3, 2, 4, 0.05058314198852009], [3, 0, 8, 0.7566094240388855]]}"
f5aa7d85ec2b2225c8270f72b80d2df9,0.8412708044052124,"{'1d_start': 3, 'opt': 'adam', 'layers': [[0, 2, 6, 2], [2, 1, 3, 4], [0, 1, 3, 2], [4, 1, 4, 0.5023710429780133], [3, 0, 8, 0.7566094240388855], [3, 2, 9, 0.15445572787448267]]}"
d21c8445ce0f4c7efca39a94af3bb011,0.8693958520889282,"{'1d_start': 3, 'opt': 'adam', 'layers': [[0, 2, 6, 2], [0, 1, 4, 4], [0, 1, 5, 3], [3, 1, 8, 0.22830187695128765], [3, 0, 8, 0.7566094240388855]]}"
2e32760a9f205b60d59b933e81556b00,0.8584166765213013,"{'1d_start': 3, 'opt': 'adam', 'layers': [[0, 1, 5, 4], [0, 1, 4, 4], [0, 1, 3, 2], [4, 1, 4, 0.5023710429780133], [3, 0, 8, 0.7566094240388855]]}"
ed6c7861786b834d18a28f6fe1446583,0.8590624928474426,"{'1d_start': 2, 'opt': 'adam', 'layers': [[0, 2, 6, 2], [0, 1, 4, 4], [4, 1, 2, 0.5521171856299443], [4, 1, 4, 0.5023710429780133], [3, 0, 8, 0.7566094240388855]]}"
a8ddbd828c62f625cf4676925ef8db4b,0.8653125166893005,"{'1d_start': 3, 'opt': 'adam', 'layers': [[0, 2, 6, 2], [0, 1, 4, 4], [2, 1, 2, 4], [4, 1, 4, 0.5023710429780133], [3, 0, 8, 0.7566094240388855]]}"
92ca9ab433f476c080e867d0d3a75288,0.8650833368301392,"{'1d_start': 3, 'opt': 'adam', 'layers': [[0, 2, 6, 2], [0, 1, 4, 4], [0, 1, 6, 3], [4, 1, 4, 0.5023710429780133], [3, 0, 8, 0.7566094240388855]]}"
7de4c1bd6e624e53f4a9e94b1a0a0975,0.8565416932106018,"{'1d_start': 2, 'opt': 'adam', 'layers': [[0, 2, 4, 2], [0, 1, 6, 3], [4, 1, 6, 0.06143002970671185], [3, 2, 4, 0.05058314198852009], [3, 0, 8, 0.7566094240388855]]}"
7cff8ff03b53e879bfb95c67534c6cad,0.7685624957084656,"{'1d_start': 3, 'opt': 'adam', 'layers': [[1, 2, 3, 4], [0, 1, 4, 4], [0, 1, 3, 2], [4, 1, 4, 0.5023710429780133], [3, 0, 8, 0.7566094240388855]]}"
57ff5283a94bc9cff98d1bae074f276f,0.7441666722297668,"{'1d_start': 3, 'opt': 'adam', 'layers': [[2, 1, 3, 3], [0, 1, 4, 4], [0, 1, 3, 2], [4, 1, 4, 0.5023710429780133], [3, 0, 8, 0.7566094240388855]]}"
e8dd947a5a9107eddc7e068f4883a9fa,0.8626875281333923,"{'1d_start': 3, 'opt': 'adam', 'layers': [[0, 0, 5, 2], [0, 1, 4, 4], [0, 1, 3, 2], [4, 1, 4, 0.5023710429780133], [3, 0, 8, 0.7566094240388855]]}"
a41e996f71445e031fda7e9de3a1fd41,0.8433333039283752,"{'1d_start': 4, 'opt': 'adam', 'layers': [[0, 2, 6, 2], [0, 1, 4, 4], [0, 1, 3, 2], [2, 1, 3, 2], [3, 0, 8, 0.7566094240388855]]}"
21fedb0f72a15f8d386095756d61158d,0.8264374732971191,"{'1d_start': 3, 'opt': 'adam', 'layers': [[0, 2, 6, 2], [1, 1, 2, 4], [0, 1, 3, 2], [4, 1, 4, 0.5023710429780133], [3, 0, 8, 0.7566094240388855]]}"
f1cd19a0d41eeb5a275185fe3877e66f,0.8636875152587891,"{'1d_start': 3, 'opt': 'adam', 'layers': [[0, 2, 6, 2], [0, 1, 4, 4], [0, 1, 3, 2], [4, 1, 4, 0.5023710429780133], [3, 0, 8, 0.7566094240388855], [4, 0, 4, 0.29727846795876095]]}"
1cc3d09610b2bb4f1bd5affc1f36164c,0.8537291884422302,"{'1d_start': 3, 'opt': 'adam', 'layers': [[0, 2, 6, 2], [0, 1, 4, 4], [1, 2, 3, 2], [4, 1, 4, 0.5023710429780133], [3, 0, 8, 0.7566094240388855]]}"
4b34a2fc3b32a23d6b4a2a22589ea37b,0.8299583196640015,"{'1d_start': 3, 'opt': 'adam', 'layers': [[1, 0, 2, 4], [0, 1, 4, 4], [0, 1, 3, 2], [4, 1, 4, 0.5023710429780133], [3, 0, 8, 0.7566094240388855]]}"
ba191b2d3e75261bd3f0cab13cc6d1d1,0.8663333058357239,"{'1d_start': 3, 'opt': 'adam', 'layers': [[0, 2, 6, 2], [0, 1, 4, 4], [1, 1, 2, 2], [4, 1, 4, 0.5023710429780133], [3, 0, 8, 0.7566094240388855]]}"
9a7b407eedad928e104bcb6882df130c,0.6658750176429749,"{'1d_start': 2, 'opt': 'adam', 'layers': [[0, 2, 6, 2], [0, 1, 4, 4], [3, 1, 3, 0.4811775135466506], [4, 1, 4, 0.5023710429780133], [3, 0, 8, 0.7566094240388855]]}"
97eb616998fd4516d8d8d8783631ef3b,0.8529999852180481,"{'1d_start': 3, 'opt': 'adam', 'layers': [[0, 2, 6, 2], [2, 0, 2, 3], [0, 1, 3, 2], [4, 1, 4, 0.5023710429780133], [3, 0, 8, 0.7566094240388855]]}"
ab72c5cc70322feb2643a414ca48d391,0.8648541569709778,"{'1d_start': 4, 'opt': 'adam', 'layers': [[0, 2, 6, 2], [0, 1, 4, 4], [0, 1, 3, 2], [2, 1, 2, 4], [3, 0, 8, 0.7566094240388855]]}"
d780e7ef85de074b6654746872bbbdda,0.8465833067893982,"{'1d_start': 3, 'opt': 'adam', 'layers': [[0, 2, 6, 2], [0, 1, 4, 4], [0, 1, 3, 2], [4, 1, 4, 0.5023710429780133], [4, 0, 1, 0.5283844959824624]]}"
f65b263ffdecb46e348822801a71e5c7,0.8708958625793457,"{'1d_start': 4, 'opt': 'adam', 'layers': [[0, 2, 6, 2], [0, 1, 4, 4], [0, 1, 3, 2], [0, 1, 5, 2], [3, 0, 8, 0.7566094240388855]]}"
0cab849b28af10efa13af986ab418fb6,0.7904999852180481,"{'1d_start': 3, 'opt': 'adam', 'layers': [[1, 0, 3, 2], [0, 1, 4, 4], [0, 1, 3, 2], [4, 1, 4, 0.5023710429780133], [3, 0, 8, 0.7566094240388855]]}"
4af02924bd123803750ef1a58fcc6afb,0.8571249842643738,"{'1d_start': 3, 'opt': 'adam', 'layers': [[0, 2, 6, 2], [0, 1, 4, 4], [2, 0, 3, 3], [4, 1, 4, 0.5023710429780133], [3, 0, 8, 0.7566094240388855]]}"
013cd60d790abaf86734d7ee972877e2,0.8747291564941406,"{'1d_start': 2, 'opt': 'adam', 'layers': [[0, 2, 6, 2], [0, 1, 4, 4], [3, 1, 9, 0.8179456708924813], [4, 1, 4, 0.5023710429780133], [3, 0, 8, 0.7566094240388855]]}"
736fcc0155db0a855c3d93d87a9dda26,0.8692499995231628,"{'1d_start': 4, 'opt': 'adam', 'layers': [[0, 2, 6, 2], [0, 1, 4, 4], [0, 1, 3, 2], [2, 1, 2, 3], [3, 0, 8, 0.7566094240388855]]}"
07b6f6454d2b61a14680eed0d0882636,0.851395845413208,"{'1d_start': 3, 'opt': 'adam', 'layers': [[0, 2, 6, 2], [0, 1, 4, 4], [0, 1, 3, 2], [4, 1, 4, 0.5023710429780133], [3, 0, 8, 0.7566094240388855], [3, 0, 6, 0.110864581079485]]}"
ecc4b04b08668a6f28b94df8712bef4a,0.8586249947547913,"{'1d_start': 3, 'opt': 'adam', 'layers': [[0, 2, 6, 2], [0, 1, 4, 4], [0, 1, 3, 2], [4, 1, 4, 0.5023710429780133], [4, 1, 9, 0.43286857978052407]]}"
ce12d30c374bc996c3f0457681b105f8,0.862291693687439,"{'1d_start': 3, 'opt': 'adam', 'layers': [[0, 1, 6, 4], [0, 1, 4, 4], [0, 1, 3, 2], [4, 1, 4, 0.5023710429780133], [3, 0, 8, 0.7566094240388855]]}"
29f2f197d5f0f4f5f50463b87c6da4b8,0.8509166836738586,"{'1d_start': 2, 'opt': 'adam', 'layers': [[0, 2, 6, 2], [0, 1, 4, 4], [4, 1, 9, 0.40884703998748273], [4, 1, 4, 0.5023710429780133], [3, 0, 8, 0.7566094240388855]]}"
96d95feb728e4c97ec90a626641cc633,0.8340625166893005,"{'1d_start': 3, 'opt': 'adam', 'layers': [[0, 2, 6, 2], [2, 1, 3, 2], [0, 1, 3, 2], [4, 1, 4, 0.5023710429780133], [3, 0, 8, 0.7566094240388855]]}"
33eeaaf02d6c128414f0fa30f0304cb2,0.8540624976158142,"{'1d_start': 3, 'opt': 'adam', 'layers': [[0, 2, 6, 2], [0, 1, 4, 4], [1, 0, 3, 3], [4, 1, 4, 0.5023710429780133], [3, 0, 8, 0.7566094240388855]]}"
22184112869bda9ec6a5215018cdc8ad,0.8619999885559082,"{'1d_start': 3, 'opt': 'adam', 'layers': [[0, 2, 6, 2], [0, 1, 4, 4], [0, 1, 3, 2], [4, 1, 4, 0.5023710429780133], [3, 2, 7, 0.21252792420685987]]}"
ff5127af0c83f2ac5fb07dafa787ef1d,0.8498125076293945,"{'1d_start': 2, 'opt': 'adam', 'layers': [[0, 2, 6, 2], [0, 1, 1, 3], [3, 1, 9, 0.8179456708924813], [4, 1, 4, 0.5023710429780133], [3, 0, 8, 0.7566094240388855]]}"
9c85c8c96cdfe64b612aa726c6133259,0.8726041913032532,"{'1d_start': 3, 'opt': 'adam', 'layers': [[0, 2, 6, 2], [0, 1, 4, 4], [2, 2, 2, 2], [4, 1, 4, 0.5023710429780133], [3, 0, 8, 0.7566094240388855]]}"
cbc3d108ad0395fcccacec7a264ea3c4,0.8657083511352539,"{'1d_start': 3, 'opt': 'adam', 'layers': [[0, 2, 6, 2], [0, 1, 4, 4], [0, 1, 3, 2], [4, 1, 4, 0.5023710429780133], [3, 1, 8, 0.3263860867753024]]}"
dab4d0a75eeaf7d8dfc4c2b616fb2ab7,0.7943958044052124,"{'1d_start': 2, 'opt': 'adam', 'layers': [[0, 2, 6, 2], [0, 1, 4, 4], [3, 1, 4, 0.3670328106648971], [4, 1, 4, 0.5023710429780133], [3, 0, 8, 0.7566094240388855]]}"
1f9316d5594ee1abf4e0e5d5be689f13,0.807645857334137,"{'1d_start': 3, 'opt': 'adam', 'layers': [[2, 1, 2, 4], [0, 1, 4, 4], [0, 1, 3, 2], [4, 1, 4, 0.5023710429780133], [3, 0, 8, 0.7566094240388855]]}"
db09424aafed5689609f95743dad0a20,0.854895830154419,"{'1d_start': 4, 'opt': 'adam', 'layers': [[0, 2, 6, 2], [0, 1, 4, 4], [0, 1, 3, 2], [0, 1, 2, 2], [3, 0, 8, 0.7566094240388855]]}"
ede53824eecfd6641e1cd7077391ce50,0.7816874980926514,"{'1d_start': 3, 'opt': 'adam', 'layers': [[0, 2, 6, 2], [0, 1, 4, 4], [0, 1, 3, 2], [4, 1, 4, 0.5023710429780133], [3, 0, 8, 0.7566094240388855], [3, 2, 2, 0.4306220781913192]]}"
f42215fbe2d05ad348783f3ecabf070d,0.8613125085830688,"{'1d_start': 3, 'opt': 'adam', 'layers': [[0, 2, 3, 3], [0, 1, 4, 4], [0, 1, 3, 2], [4, 1, 4, 0.5023710429780133], [3, 0, 8, 0.7566094240388855]]}"
35e25e14a8165d01727bf88f859bbe7f,0.8259999752044678,"{'1d_start': 3, 'opt': 'adam', 'layers': [[2, 2, 2, 3], [0, 1, 4, 4], [0, 1, 3, 2], [4, 1, 4, 0.5023710429780133], [3, 0, 8, 0.7566094240388855]]}"
80bf664288be40a17d51f970e8cf5e5c,0.8653333187103271,"{'1d_start': 3, 'opt': 'adam', 'layers': [[0, 2, 6, 2], [0, 1, 4, 4], [0, 1, 3, 2], [3, 1, 7, 0.5569698642941464], [3, 0, 8, 0.7566094240388855]]}"
42538767697388f1eb10b785ccd59832,0.8538125157356262,"{'1d_start': 3, 'opt': 'adam', 'layers': [[0, 2, 6, 2], [0, 1, 4, 4], [1, 1, 3, 3], [4, 1, 4, 0.5023710429780133], [3, 0, 8, 0.7566094240388855]]}"
33b2ca920f11bfb9307ddf4ff4e67d65,0.8535208106040955,"{'1d_start': 4, 'opt': 'adam', 'layers': [[0, 2, 6, 2], [0, 1, 4, 4], [0, 1, 3, 2], [1, 1, 3, 2], [3, 0, 8, 0.7566094240388855]]}"
2b07c6de19064a7d15343c03c827b938,0.8754583597183228,"{'1d_start': 3, 'opt': 'adam', 'layers': [[0, 2, 6, 2], [0, 1, 4, 4], [0, 1, 5, 2], [4, 1, 4, 0.5023710429780133], [3, 0, 8, 0.7566094240388855]]}"
430811e34ea0b5d19ac08a6a211314d8,0.8393541574478149,"{'1d_start': 3, 'opt': 'adam', 'layers': [[0, 2, 6, 2], [0, 1, 4, 4], [1, 0, 2, 2], [4, 1, 4, 0.5023710429780133], [3, 0, 8, 0.7566094240388855]]}"
5540e3370844590c4318a58b39fbb0e1,0.8525208234786987,"{'1d_start': 3, 'opt': 'adam', 'layers': [[0, 2, 6, 2], [0, 1, 4, 4], [0, 1, 3, 2], [4, 1, 4, 0.5023710429780133], [4, 2, 5, 0.07656796864420036]]}"
5b42f7062eb5604be21432cd7cd3897b,0.8716874718666077,"{'1d_start': 2, 'opt': 'adam', 'layers': [[0, 2, 6, 2], [0, 1, 4, 4], [3, 1, 9, 0.014590094702903478], [4, 1, 4, 0.5023710429780133], [3, 0, 8, 0.7566094240388855]]}"
5b8204257d86b8413416c4cf447a6484,0.8531249761581421,"{'1d_start': 4, 'opt': 'adam', 'layers': [[0, 2, 6, 2], [0, 1, 4, 4], [0, 1, 3, 2], [1, 1, 3, 4], [3, 0, 8, 0.7566094240388855]]}"
77a65513494479f2d8aed6eee9c767e0,0.8604583144187927,"{'1d_start': 3, 'opt': 'adam', 'layers': [[0, 2, 6, 2], [2, 0, 2, 4], [0, 1, 3, 2], [4, 1, 4, 0.5023710429780133], [3, 0, 8, 0.7566094240388855]]}"
87316995130b641f8c5e406ac39c25e4,0.8702499866485596,"{'1d_start': 3, 'opt': 'adam', 'layers': [[0, 2, 6, 2], [0, 1, 4, 4], [2, 2, 2, 2], [3, 1, 7, 0.8003376842959182], [3, 0, 8, 0.7566094240388855]]}"
683d6b70caee6ebaf1eea20cd2d38f07,0.8602916598320007,"{'1d_start': 4, 'opt': 'adam', 'layers': [[0, 2, 6, 2], [0, 1, 4, 4], [2, 2, 2, 2], [2, 1, 3, 4], [3, 0, 8, 0.7566094240388855]]}"
c9fe0517c87b781266024436723e4142,0.867270827293396,"{'1d_start': 2, 'opt': 'adam', 'layers': [[0, 2, 6, 2], [0, 1, 4, 4], [4, 1, 3, 0.0028459886796384118], [4, 1, 4, 0.5023710429780133], [3, 0, 8, 0.7566094240388855]]}"
b19ce7f3904350e3243bb9f7bc793e51,0.8460208177566528,"{'1d_start': 3, 'opt': 'adam', 'layers': [[0, 2, 6, 2], [0, 1, 4, 4], [1, 2, 3, 4], [4, 1, 4, 0.5023710429780133], [3, 0, 8, 0.7566094240388855]]}"
8fe4fce9b06297fdf45aa2f3d5a4df4c,0.8723333477973938,"{'1d_start': 3, 'opt': 'adam', 'layers': [[0, 2, 6, 2], [0, 1, 4, 4], [2, 2, 2, 2], [4, 2, 6, 0.5752719598611011], [3, 0, 8, 0.7566094240388855]]}"
4384bc3670ccb6f1155668ce96c73670,0.8686875104904175,"{'1d_start': 3, 'opt': 'adam', 'layers': [[0, 2, 6, 2], [0, 1, 4, 4], [0, 1, 5, 2], [4, 1, 4, 0.5023710429780133], [4, 0, 6, 0.39396774526846967]]}"
e3fa8c76a7b85195a5239f06e1f8e439,0.8466041684150696,"{'1d_start': 2, 'opt': 'adam', 'layers': [[0, 2, 6, 2], [0, 1, 4, 4], [3, 1, 9, 0.8179456708924813], [4, 1, 7, 0.8757599902340649], [3, 0, 8, 0.7566094240388855]]}"
acf55a634828a47feb4421855423ee6c,0.8657083511352539,"{'1d_start': 3, 'opt': 'adam', 'layers': [[0, 1, 5, 2], [0, 1, 4, 4], [2, 2, 2, 2], [4, 1, 4, 0.5023710429780133], [3, 0, 8, 0.7566094240388855]]}"
d94e7260d1bf9680f62d732c8e4454b8,0.8743958473205566,"{'1d_start': 1, 'opt': 'adam', 'layers': [[0, 1, 4, 4], [3, 1, 9, 0.014590094702903478], [4, 1, 4, 0.5023710429780133], [3, 0, 8, 0.7566094240388855]]}"
d6a5b732342f6b15e0f245b5e0980ed3,0.8617083430290222,"{'1d_start': 3, 'opt': 'adam', 'layers': [[0, 1, 4, 4], [0, 1, 4, 4], [0, 1, 5, 2], [4, 1, 4, 0.5023710429780133], [3, 0, 8, 0.7566094240388855]]}"
a7c25a00b6c8d80d756e72df6bc17111,0.8340625166893005,"{'1d_start': 3, 'opt': 'adam', 'layers': [[1, 2, 2, 4], [0, 1, 4, 4], [0, 1, 3, 2], [4, 1, 4, 0.5023710429780133], [3, 0, 8, 0.7566094240388855]]}"
af4a5459d08f1a09a764a52b86105c0c,0.8570416569709778,"{'1d_start': 3, 'opt': 'adam', 'layers': [[0, 2, 6, 2], [0, 1, 4, 4], [0, 0, 5, 4], [4, 1, 4, 0.5023710429780133], [3, 0, 8, 0.7566094240388855]]}"
16e9109b1af56821290bdc8ac753ff7a,0.8696874976158142,"{'1d_start': 4, 'opt': 'adam', 'layers': [[0, 2, 6, 2], [0, 1, 4, 4], [2, 2, 2, 2], [0, 2, 4, 2], [3, 0, 8, 0.7566094240388855]]}"
f32977618d5ea1bfdf98867da3853db6,0.8442291617393494,"{'1d_start': 1, 'opt': 'adam', 'layers': [[0, 2, 6, 2], [4, 1, 6, 0.29523477807839943], [3, 1, 9, 0.8179456708924813], [4, 1, 4, 0.5023710429780133], [3, 0, 8, 0.7566094240388855]]}"
688e6aa64e8367325c36766dfdb06090,0.8642916679382324,"{'1d_start': 3, 'opt': 'adam', 'layers': [[0, 2, 6, 2], [0, 1, 4, 4], [2, 2, 2, 2], [4, 1, 4, 0.5023710429780133], [3, 0, 8, 0.7566094240388855], [3, 0, 8, 0.09220526833221908]]}"
f88e7152828f416a073efb4c703943f0,0.8659999966621399,"{'1d_start': 1, 'opt': 'adam', 'layers': [[0, 1, 4, 4], [3, 1, 9, 0.014590094702903478], [3, 2, 7, 0.20096373886015506], [3, 0, 8, 0.7566094240388855]]}"
22390d293554b28684527204ef8426db,0.8382499814033508,"{'1d_start': 3, 'opt': 'adam', 'layers': [[0, 2, 6, 2], [2, 0, 2, 2], [0, 1, 3, 2], [4, 1, 4, 0.5023710429780133], [3, 0, 8, 0.7566094240388855]]}"
541aca4af7f803304e350e89afe7a528,0.874958336353302,"{'1d_start': 2, 'opt': 'adam', 'layers': [[0, 2, 6, 2], [0, 1, 4, 4], [3, 1, 9, 0.014590094702903478], [3, 1, 5, 0.5732176865449367], [3, 0, 8, 0.7566094240388855]]}"
abad518281f6215437ca1ce5ecf0327e,0.8578958511352539,"{'1d_start': 2, 'opt': 'adam', 'layers': [[0, 2, 6, 2], [0, 1, 4, 4], [4, 1, 1, 0.19882222592902207], [4, 1, 4, 0.5023710429780133], [3, 0, 8, 0.7566094240388855]]}"
d8703a949f5d022293e50acc0f1c6f3a,0.8584583401679993,"{'1d_start': 3, 'opt': 'adam', 'layers': [[0, 2, 6, 2], [1, 1, 2, 4], [0, 1, 5, 2], [4, 1, 4, 0.5023710429780133], [3, 0, 8, 0.7566094240388855]]}"
adb67fe3e51a57ae86cd192d09fd0d56,0.8408958315849304,"{'1d_start': 0, 'opt': 'adam', 'layers': [[3, 1, 9, 0.5224329826967251], [3, 1, 9, 0.014590094702903478], [4, 1, 4, 0.5023710429780133], [3, 0, 8, 0.7566094240388855]]}"
727ad45eaa181257abd7fa005a35a32a,0.866895854473114,"{'1d_start': 3, 'opt': 'adam', 'layers': [[0, 2, 6, 2], [0, 1, 4, 4], [0, 1, 3, 2], [4, 0, 7, 0.0304825143125505], [3, 0, 8, 0.7566094240388855]]}"
68521028ec2e9772bf672d0099d4ea7f,0.8709999918937683,"{'1d_start': 3, 'opt': 'adam', 'layers': [[0, 2, 6, 2], [0, 1, 4, 4], [0, 1, 4, 2], [4, 1, 4, 0.5023710429780133], [3, 0, 8, 0.7566094240388855]]}"
698e8dc1ec0b4fd56089583a1a178b9c,0.8476874828338623,"{'1d_start': 4, 'opt': 'adam', 'layers': [[0, 2, 6, 2], [0, 1, 4, 4], [2, 2, 2, 2], [2, 1, 3, 3], [3, 0, 8, 0.7566094240388855]]}"
b1d0ecab6202f159f1249f4810b79c69,0.8506041765213013,"{'1d_start': 3, 'opt': 'adam', 'layers': [[0, 2, 6, 2], [0, 1, 4, 4], [2, 2, 2, 2], [4, 2, 6, 0.5752719598611011], [3, 0, 3, 0.2679523851010208]]}"
aa3b578c4a8a213e29e69dcf618d18a3,0.8342916369438171,"{'1d_start': 3, 'opt': 'adam', 'layers': [[0, 2, 6, 2], [0, 1, 4, 4], [1, 1, 3, 2], [3, 1, 5, 0.5732176865449367], [3, 0, 8, 0.7566094240388855]]}"
737278ea8d9d777031b4a6e1f04ef882,0.8645416498184204,"{'1d_start': 3, 'opt': 'adam', 'layers': [[0, 2, 6, 2], [0, 1, 4, 4], [2, 2, 2, 2], [4, 1, 4, 0.5023710429780133], [3, 0, 8, 0.7566094240388855], [4, 2, 6, 0.5088010691141638]]}"
727b6886f33aca422a9ed07d8e367443,0.8654999732971191,"{'1d_start': 4, 'opt': 'adam', 'layers': [[0, 2, 6, 2], [0, 1, 4, 4], [0, 1, 3, 2], [0, 1, 4, 4], [3, 0, 8, 0.7566094240388855]]}"
942f78c22d43f6bf73d1d654254f3f15,0.851187527179718,"{'1d_start': 2, 'opt': 'adam', 'layers': [[0, 2, 6, 2], [0, 1, 4, 4], [4, 1, 5, 0.7617348647117247], [4, 1, 4, 0.5023710429780133], [3, 0, 8, 0.7566094240388855]]}"
a605f7df3495a74b0b6fb11bec66bd11,0.7669166922569275,"{'1d_start': 3, 'opt': 'adam', 'layers': [[1, 0, 3, 3], [0, 1, 4, 4], [2, 2, 2, 2], [4, 2, 6, 0.5752719598611011], [3, 0, 8, 0.7566094240388855]]}"
7e7353860b61a13f17750ee299014826,0.8165416717529297,"{'1d_start': 2, 'opt': 'adam', 'layers': [[0, 2, 6, 2], [0, 1, 4, 4], [3, 2, 3, 0.8044580290279926], [4, 1, 4, 0.5023710429780133], [3, 0, 8, 0.7566094240388855]]}"
407f7ebbbca69ca8d18c6c500783e92e,0.8147083520889282,"{'1d_start': 3, 'opt': 'adam', 'layers': [[1, 2, 2, 2], [0, 1, 4, 4], [2, 2, 2, 2], [4, 1, 4, 0.5023710429780133], [3, 0, 8, 0.7566094240388855]]}"
040eb3495723bae89ec851c9736e1b47,0.8272291421890259,"{'1d_start': 2, 'opt': 'adam', 'layers': [[1, 2, 3, 4], [0, 1, 4, 4], [3, 1, 9, 0.8179456708924813], [4, 1, 4, 0.5023710429780133], [3, 0, 8, 0.7566094240388855]]}"
32710fb92c5489687f161297aab529f0,0.8610416650772095,"{'1d_start': 1, 'opt': 'adam', 'layers': [[0, 1, 4, 4], [3, 1, 9, 0.014590094702903478], [4, 1, 4, 0.5023710429780133], [3, 0, 8, 0.7566094240388855], [3, 1, 6, 0.1303259663521101]]}"
1cc89c46177b341329fb03038019cebc,0.8482499718666077,"{'1d_start': 3, 'opt': 'adam', 'layers': [[1, 1, 2, 4], [0, 1, 4, 4], [0, 1, 5, 2], [4, 1, 4, 0.5023710429780133], [3, 0, 8, 0.7566094240388855]]}"
9811f2bb6a17f4d7fddc1fda14982257,0.8642083406448364,"{'1d_start': 3, 'opt': 'adam', 'layers': [[0, 2, 6, 2], [0, 1, 4, 4], [2, 0, 2, 4], [4, 1, 4, 0.5023710429780133], [3, 0, 8, 0.7566094240388855]]}"
3a6353e991c6b0f1b2ca4c77f52d10f8,0.8445000052452087,"{'1d_start': 2, 'opt': 'adam', 'layers': [[0, 2, 6, 2], [0, 0, 5, 2], [3, 1, 9, 0.014590094702903478], [4, 1, 4, 0.5023710429780133], [3, 0, 8, 0.7566094240388855]]}"
61d4b1f9bea4c13ca22a18b8b62b0f93,0.8228333592414856,"{'1d_start': 2, 'opt': 'adam', 'layers': [[0, 2, 6, 2], [0, 1, 4, 4], [3, 2, 3, 0.09604038075278158], [4, 2, 6, 0.5752719598611011], [3, 0, 8, 0.7566094240388855]]}"
99ed5c800f9e95978b054af5e15ab69f,0.8756041526794434,"{'1d_start': 4, 'opt': 'adam', 'layers': [[0, 2, 6, 2], [0, 1, 4, 4], [2, 2, 2, 2], [2, 1, 2, 4], [3, 0, 8, 0.7566094240388855]]}"
e93c4cb7860755ab39b1f3dd1faf768a,0.8735625147819519,"{'1d_start': 2, 'opt': 'adam', 'layers': [[0, 2, 6, 2], [0, 1, 4, 4], [3, 1, 9, 0.014590094702903478], [4, 1, 4, 0.5023710429780133], [3, 0, 8, 0.7566094240388855], [4, 0, 1, 0.0772895300496693]]}"
27a44eb136aa1da1a1e2be22117da8d6,0.8648541569709778,"{'1d_start': 4, 'opt': 'adam', 'layers': [[0, 2, 6, 2], [0, 1, 4, 4], [2, 2, 2, 2], [1, 1, 2, 4], [3, 0, 8, 0.7566094240388855]]}"
41923462cca490c6b6bbc945781656d7,0.8413749933242798,"{'1d_start': 3, 'opt': 'adam', 'layers': [[0, 2, 6, 2], [0, 1, 2, 3], [2, 2, 2, 2], [4, 1, 4, 0.5023710429780133], [3, 0, 8, 0.7566094240388855]]}"
3f64dbd6ac0387693796de7462fbcdfd,0.8345416784286499,"{'1d_start': 2, 'opt': 'adam', 'layers': [[1, 2, 3, 3], [0, 1, 4, 4], [3, 1, 9, 0.014590094702903478], [3, 1, 5, 0.5732176865449367], [3, 0, 8, 0.7566094240388855]]}"
458e5078d3ef6469be58ce5cfa9e518a,0.859749972820282,"{'1d_start': 3, 'opt': 'adam', 'layers': [[0, 2, 6, 2], [0, 1, 4, 4], [0, 1, 4, 2], [3, 1, 5, 0.5732176865449367], [3, 0, 8, 0.7566094240388855]]}"
b428e634b2aa61de9da9a2143875aec0,0.8573750257492065,"{'1d_start': 4, 'opt': 'adam', 'layers': [[0, 2, 6, 2], [0, 1, 4, 4], [2, 2, 2, 2], [2, 1, 2, 4], [3, 0, 8, 0.7566094240388855], [3, 0, 3, 0.6628240927476112]]}"
da346e2875f8af8e769e5c7172c3f5b9,0.867312490940094,"{'1d_start': 1, 'opt': 'adam', 'layers': [[0, 1, 4, 4], [3, 1, 9, 0.014590094702903478], [4, 1, 4, 0.6341146525934311], [3, 0, 8, 0.7566094240388855]]}"
a44a8d21e8d9e50d2ce04573c472a9c6,0.8778541684150696,"{'1d_start': 2, 'opt': 'adam', 'layers': [[0, 1, 4, 4], [0, 1, 5, 2], [4, 1, 4, 0.5023710429780133], [3, 0, 8, 0.7566094240388855]]}"
ed81476ca9211fec0a29f40ee1d9a9aa,0.8693749904632568,"{'1d_start': 2, 'opt': 'adam', 'layers': [[0, 2, 6, 2], [0, 1, 4, 3], [3, 1, 9, 0.014590094702903478], [4, 1, 4, 0.5023710429780133], [3, 0, 8, 0.7566094240388855], [4, 0, 1, 0.0772895300496693]]}"
f5bc6a6b783af06045503eb1c08b7892,0.8767708539962769,"{'1d_start': 3, 'opt': 'adam', 'layers': [[0, 2, 6, 2], [0, 1, 4, 4], [0, 1, 5, 2], [4, 1, 4, 0.5023710429780133], [3, 2, 6, 0.5620589097370189]]}"
62480d99c03b8ec8e3f9566edcfa5179,0.863979160785675,"{'1d_start': 3, 'opt': 'adam', 'layers': [[0, 2, 6, 2], [0, 1, 4, 4], [0, 1, 3, 4], [4, 1, 4, 0.5023710429780133], [3, 0, 8, 0.7566094240388855]]}"
de369f5768fdb0c91bee5ad408550c32,0.8529999852180481,"{'1d_start': 3, 'opt': 'adam', 'layers': [[0, 2, 6, 2], [0, 1, 4, 4], [2, 1, 3, 4], [3, 1, 5, 0.5732176865449367], [3, 0, 8, 0.7566094240388855]]}"
d3399b57d8d39c3ffe233c3acdf9b0f7,0.8017916679382324,"{'1d_start': 3, 'opt': 'adam', 'layers': [[0, 2, 6, 2], [0, 1, 4, 4], [0, 1, 5, 2], [3, 0, 1, 0.765787726615175], [3, 0, 8, 0.7566094240388855]]}"
030882a821b3e94c4feed5b889f35ec8,0.8457916378974915,"{'1d_start': 3, 'opt': 'adam', 'layers': [[1, 2, 2, 3], [0, 1, 4, 4], [0, 1, 5, 2], [4, 1, 4, 0.5023710429780133], [3, 0, 8, 0.7566094240388855]]}"
7a175d521458f59b29ad375a22f8935b,0.870479166507721,"{'1d_start': 3, 'opt': 'adam', 'layers': [[0, 2, 4, 4], [0, 1, 4, 4], [0, 1, 5, 2], [4, 1, 4, 0.5023710429780133], [3, 0, 8, 0.7566094240388855]]}"
df37af3adafe42ed7ae15a6132df279e,0.8723958134651184,"{'1d_start': 3, 'opt': 'adam', 'layers': [[0, 2, 6, 2], [0, 1, 4, 4], [2, 1, 3, 3], [3, 1, 5, 0.5732176865449367], [3, 0, 8, 0.7566094240388855]]}"
d39ba9ba4a6dd51c501ff9326e312fbd,0.8703749775886536,"{'1d_start': 4, 'opt': 'adam', 'layers': [[0, 2, 6, 2], [0, 1, 4, 4], [0, 1, 5, 2], [1, 1, 2, 2], [3, 0, 8, 0.7566094240388855]]}"
6bd6bf58e624df98fd57275f6c35ccac,0.846875011920929,"{'1d_start': 4, 'opt': 'adam', 'layers': [[0, 2, 6, 2], [0, 1, 4, 4], [2, 2, 2, 2], [2, 1, 3, 2], [3, 0, 8, 0.7566094240388855]]}"
fad1ff8929a721c0d6de58c33d348761,0.8414583206176758,"{'1d_start': 2, 'opt': 'adam', 'layers': [[1, 1, 3, 2], [0, 1, 5, 2], [4, 1, 4, 0.5023710429780133], [3, 0, 8, 0.7566094240388855]]}"
2f9f464bc3f15b2c3a5606e232556e50,0.8475000262260437,"{'1d_start': 1, 'opt': 'adam', 'layers': [[0, 2, 6, 2], [3, 1, 8, 0.894159327556593], [3, 1, 9, 0.014590094702903478], [3, 1, 5, 0.5732176865449367], [3, 0, 8, 0.7566094240388855]]}"
0b9a821b93872999d26771af5e149339,0.831041693687439,"{'1d_start': 3, 'opt': 'adam', 'layers': [[0, 2, 6, 2], [0, 1, 4, 4], [0, 2, 1, 3], [4, 1, 4, 0.5023710429780133], [3, 0, 8, 0.7566094240388855]]}"
ca92ab3666cf87b8e6990e3885d9c18e,0.8730416893959045,"{'1d_start': 1, 'opt': 'adam', 'layers': [[0, 1, 4, 4], [3, 1, 9, 0.014590094702903478], [3, 1, 5, 0.5732176865449367], [3, 0, 8, 0.7566094240388855]]}"
e71e1408ed2e6e302262dcf8d63857db,0.8693958520889282,"{'1d_start': 2, 'opt': 'adam', 'layers': [[0, 2, 6, 2], [0, 1, 4, 4], [3, 1, 9, 0.014590094702903478], [3, 1, 5, 0.5732176865449367], [3, 0, 8, 0.7566094240388855], [4, 1, 3, 0.16458275920923207]]}"
fea812e705b65529f3cf19a61f856472,0.8478958606719971,"{'1d_start': 4, 'opt': 'adam', 'layers': [[0, 2, 6, 2], [0, 1, 4, 4], [2, 2, 2, 2], [2, 1, 2, 4], [4, 2, 5, 0.5338424585529817]]}"
ced1943fe73d4c3e8a797ab2652da255,0.8654583096504211,"{'1d_start': 2, 'opt': 'adam', 'layers': [[0, 1, 4, 4], [0, 1, 5, 2], [4, 1, 4, 0.5023710429780133], [3, 0, 8, 0.7566094240388855], [3, 0, 7, 0.06745619290788404]]}"
402323f3fb758108e3133a75808369e7,0.8631666898727417,"{'1d_start': 4, 'opt': 'adam', 'layers': [[0, 2, 6, 2], [0, 1, 4, 4], [0, 1, 5, 2], [1, 1, 3, 4], [3, 0, 8, 0.7566094240388855]]}"
de91aa65af0a1a9b71ed73e7b92fc2b3,0.8132291436195374,"{'1d_start': 3, 'opt': 'adam', 'layers': [[1, 1, 3, 4], [0, 1, 4, 4], [0, 1, 5, 2], [4, 1, 4, 0.5023710429780133], [3, 0, 8, 0.7566094240388855]]}"
1c0fe351085668a733c4611d6b8f06a3,0.8494166731834412,"{'1d_start': 2, 'opt': 'adam', 'layers': [[2, 2, 2, 4], [0, 1, 5, 2], [4, 1, 4, 0.5023710429780133], [3, 0, 8, 0.7566094240388855]]}"
8075ebda09337112afe545e360fd80b2,0.8156874775886536,"{'1d_start': 3, 'opt': 'adam', 'layers': [[1, 1, 3, 3], [0, 1, 4, 4], [0, 1, 5, 2], [4, 1, 4, 0.5023710429780133], [3, 2, 6, 0.5620589097370189]]}"
6cc7e378dbacad766603822d280367f3,0.8542291522026062,"{'1d_start': 2, 'opt': 'adam', 'layers': [[2, 1, 2, 2], [0, 1, 5, 2], [4, 1, 4, 0.5023710429780133], [3, 0, 8, 0.7566094240388855]]}"
d06b7490e23d803c56dd4fdd9448f999,0.8008333444595337,"{'1d_start': 4, 'opt': 'SGD', 'layers': [[0, 2, 6, 2], [0, 1, 4, 4], [2, 2, 2, 2], [2, 1, 2, 4], [3, 0, 8, 0.7566094240388855]]}"
f2e978997bd0c7f5f39ebeba18270838,0.8583750128746033,"{'1d_start': 3, 'opt': 'adam', 'layers': [[0, 2, 6, 2], [0, 1, 4, 4], [1, 2, 2, 2], [4, 1, 4, 0.5023710429780133], [3, 0, 8, 0.7566094240388855]]}"
2c31b2d14a53c23c76ff136a78145e2e,0.859541654586792,"{'1d_start': 4, 'opt': 'adam', 'layers': [[0, 2, 6, 2], [0, 2, 5, 2], [2, 2, 2, 2], [2, 1, 2, 4], [3, 0, 8, 0.7566094240388855]]}"
6c83c0c454b3730cda666e2ad4f318ae,0.7755208611488342,"{'1d_start': 5, 'opt': 'adam', 'layers': [[0, 2, 6, 2], [0, 1, 4, 4], [2, 2, 2, 2], [2, 1, 2, 4], [2, 0, 3, 3]]}"
2c5338461907ddaed20fcf29f78e530d,0.8643541932106018,"{'1d_start': 2, 'opt': 'adam', 'layers': [[0, 0, 3, 4], [0, 1, 5, 2], [4, 1, 4, 0.5023710429780133], [3, 0, 8, 0.7566094240388855]]}"
26c6efa3a7bf654fcc99bd4f98c042fe,0.8680624961853027,"{'1d_start': 2, 'opt': 'adam', 'layers': [[0, 1, 4, 4], [0, 1, 5, 2], [4, 1, 4, 0.5023710429780133], [3, 2, 6, 0.5620589097370189]]}"
7ef440afb9380faf1e8d720e4a493cb4,0.8765833377838135,"{'1d_start': 4, 'opt': 'adam', 'layers': [[0, 2, 6, 2], [0, 1, 4, 4], [0, 1, 5, 2], [2, 1, 2, 2], [3, 2, 6, 0.5620589097370189]]}"
6bbb4ec58546aec9758888f784d14bf3,0.8554583191871643,"{'1d_start': 4, 'opt': 'adam', 'layers': [[0, 2, 6, 2], [0, 1, 4, 4], [2, 2, 2, 2], [2, 1, 2, 4], [4, 0, 9, 0.17052772834327926]]}"
cb1d78fd0ee2ab9f3d3c1cc37df8d813,0.8598958253860474,"{'1d_start': 1, 'opt': 'adam', 'layers': [[0, 1, 4, 4], [4, 1, 3, 0.5253574370162455], [4, 1, 4, 0.5023710429780133], [3, 0, 8, 0.7566094240388855]]}"
65b538b12ac46388da8327addcb4e73f,0.7979583144187927,"{'1d_start': 3, 'opt': 'adam', 'layers': [[1, 1, 3, 2], [0, 1, 4, 4], [0, 1, 5, 2], [4, 1, 4, 0.5023710429780133], [3, 2, 6, 0.5620589097370189]]}"
e9d89cf4ee82e3ef3e29f339e2398802,0.8399583101272583,"{'1d_start': 2, 'opt': 'adam', 'layers': [[2, 2, 2, 3], [0, 1, 5, 2], [4, 1, 4, 0.5023710429780133], [3, 0, 8, 0.7566094240388855]]}"
066f3ff42198adc2feaa18916237375e,0.8373749852180481,"{'1d_start': 4, 'opt': 'adam', 'layers': [[0, 2, 6, 2], [0, 1, 4, 4], [1, 2, 3, 3], [2, 1, 2, 4], [3, 0, 8, 0.7566094240388855]]}"
fd03d60ca8e1a98098b8ed66675db35c,0.8660833239555359,"{'1d_start': 2, 'opt': 'adam', 'layers': [[0, 1, 4, 4], [0, 1, 5, 2], [4, 1, 4, 0.5023710429780133], [4, 1, 5, 0.46119992843196805]]}"
4af39c6104c461c43a3ea3ff0ebfa318,0.8690416812896729,"{'1d_start': 2, 'opt': 'adam', 'layers': [[0, 2, 6, 2], [0, 1, 4, 4], [4, 1, 4, 0.21475727267375833], [4, 1, 4, 0.5023710429780133], [3, 2, 6, 0.5620589097370189]]}"
23eb5e76cae03b8be8620a5e811057d7,0.8673333525657654,"{'1d_start': 4, 'opt': 'adam', 'layers': [[0, 2, 6, 2], [0, 1, 4, 4], [2, 2, 2, 2], [2, 1, 2, 4], [3, 0, 8, 0.7566094240388855], [4, 1, 9, 0.7196531757626184]]}"
c352b8cdf2341b334222dd7c0264254f,0.867145836353302,"{'1d_start': 3, 'opt': 'adam', 'layers': [[0, 2, 6, 2], [0, 1, 4, 4], [0, 2, 6, 2], [4, 1, 4, 0.5023710429780133], [3, 2, 6, 0.5620589097370189]]}"
a717dcbcec0380e4df09c78ed40df1c1,0.7464166879653931,"{'1d_start': 2, 'opt': 'adam', 'layers': [[0, 1, 4, 4], [0, 1, 5, 2], [4, 1, 4, 0.5023710429780133], [3, 0, 8, 0.7566094240388855], [3, 0, 1, 0.23742597660708786]]}"
c517a5a637b938db06bed500261b7c0f,0.7914375066757202,"{'1d_start': 3, 'opt': 'SGD', 'layers': [[0, 2, 6, 2], [0, 1, 4, 4], [0, 1, 5, 2], [4, 1, 4, 0.5023710429780133], [3, 2, 6, 0.5620589097370189]]}"
3acc2c196f3648c2ffb3095276ac8d9d,0.796875,"{'1d_start': 1, 'opt': 'adam', 'layers': [[0, 1, 4, 4], [3, 1, 4, 0.02515493680526748], [4, 1, 4, 0.5023710429780133], [3, 0, 8, 0.7566094240388855]]}"
b5d4d281048717049822a89653c1e43e,0.8633124828338623,"{'1d_start': 2, 'opt': 'adam', 'layers': [[1, 1, 2, 3], [0, 1, 5, 2], [4, 1, 4, 0.5023710429780133], [3, 0, 8, 0.7566094240388855]]}"
685d21a43038c4ce608c7935d656ec6a,0.8353958129882812,"{'1d_start': 2, 'opt': 'adam', 'layers': [[0, 1, 4, 4], [1, 0, 3, 4], [4, 1, 4, 0.5023710429780133], [3, 0, 8, 0.7566094240388855]]}"
e3b65a2d487e6377f3745d462f0862e2,0.8705000281333923,"{'1d_start': 3, 'opt': 'adam', 'layers': [[0, 2, 6, 2], [0, 1, 4, 4], [2, 2, 2, 2], [3, 1, 7, 0.5441762628620589], [3, 0, 8, 0.7566094240388855]]}"
2f80631c22dcbc2cc76d25b03d1ceedc,0.8595625162124634,"{'1d_start': 3, 'opt': 'adam', 'layers': [[0, 2, 6, 2], [0, 1, 4, 4], [1, 1, 3, 4], [4, 1, 4, 0.5023710429780133], [3, 2, 6, 0.5620589097370189]]}"
a6fd821ab2333e73f14093d76b0707f6,0.8602499961853027,"{'1d_start': 4, 'opt': 'adam', 'layers': [[0, 2, 6, 2], [0, 1, 4, 4], [0, 1, 5, 2], [0, 1, 2, 2], [3, 2, 6, 0.5620589097370189]]}"
85d33d36a21d84ea6a7e2d0b3c3aae08,0.8481875061988831,"{'1d_start': 5, 'opt': 'adam', 'layers': [[0, 2, 6, 2], [0, 1, 4, 4], [0, 1, 5, 2], [2, 1, 2, 2], [2, 2, 2, 3]]}"
2298b03a3396bc52b8c1d4ca190904b8,0.8804374933242798,"{'1d_start': 2, 'opt': 'adam', 'layers': [[0, 1, 4, 4], [0, 1, 5, 2], [4, 0, 7, 0.14907739266140482], [3, 0, 8, 0.7566094240388855]]}"
c40c87feff2502f9e3e0ed8a90e634f7,0.8733333349227905,"{'1d_start': 3, 'opt': 'adam', 'layers': [[0, 2, 6, 2], [0, 1, 4, 4], [0, 1, 5, 2], [3, 1, 6, 0.000678315906659277], [3, 2, 6, 0.5620589097370189]]}"
d023d4a5f1baf927cae8e1ad4ad0715d,0.8133749961853027,"{'1d_start': 2, 'opt': 'SGD', 'layers': [[0, 1, 4, 4], [0, 1, 5, 2], [4, 0, 7, 0.14907739266140482], [3, 0, 8, 0.7566094240388855]]}"
5411135c4c20a879bc340ef03d06ce87,0.8708750009536743,"{'1d_start': 3, 'opt': 'adam', 'layers': [[0, 2, 6, 2], [0, 1, 1, 2], [0, 1, 5, 2], [4, 1, 4, 0.5023710429780133], [3, 2, 6, 0.5620589097370189]]}"
d015c9132ddd2e712c510c927c4f2c75,0.8719375133514404,"{'1d_start': 2, 'opt': 'adam', 'layers': [[0, 1, 4, 4], [0, 2, 5, 3], [4, 1, 4, 0.5023710429780133], [3, 0, 8, 0.7566094240388855]]}"
26d0d04889fcbbac56ae65aa06747c6d,0.8578958511352539,"{'1d_start': 4, 'opt': 'adam', 'layers': [[0, 2, 6, 2], [0, 1, 4, 4], [0, 1, 5, 2], [1, 1, 3, 3], [3, 2, 6, 0.5620589097370189]]}"
9529477eed0f40251d4ba7da007c3d93,0.8695208430290222,"{'1d_start': 2, 'opt': 'adam', 'layers': [[0, 2, 2, 3], [0, 1, 5, 2], [4, 1, 4, 0.5023710429780133], [3, 0, 8, 0.7566094240388855]]}"
070b4b9f225866f1857b2f6348c7b763,0.8616666793823242,"{'1d_start': 2, 'opt': 'adam', 'layers': [[0, 1, 4, 4], [0, 1, 5, 2], [4, 1, 4, 0.5023710429780133], [4, 2, 1, 0.5951322270301643]]}"
1e255e0db9d434a428d8fea4ab23e3ab,0.8756041526794434,"{'1d_start': 2, 'opt': 'adam', 'layers': [[0, 1, 4, 4], [0, 1, 5, 2], [4, 1, 7, 0.02741990926765784], [3, 0, 8, 0.7566094240388855]]}"
a8c3aa956f6ae1bab12b5630789a1d0c,0.87479168176651,"{'1d_start': 3, 'opt': 'adam', 'layers': [[0, 2, 6, 2], [0, 1, 4, 4], [0, 1, 5, 2], [4, 1, 4, 0.5023710429780133], [3, 2, 8, 0.6872339803066116]]}"
a850c5658f5901ec24285933a906d698,0.8656666874885559,"{'1d_start': 1, 'opt': 'adam', 'layers': [[0, 1, 4, 4], [3, 1, 6, 0.07666925850989707], [4, 0, 7, 0.14907739266140482], [3, 0, 8, 0.7566094240388855]]}"
c6f2b97c6fd39d77d917cb399afc9f9f,0.8400624990463257,"{'1d_start': 2, 'opt': 'adam', 'layers': [[1, 1, 3, 3], [0, 1, 5, 2], [4, 1, 4, 0.5023710429780133], [3, 0, 8, 0.7566094240388855]]}"
5a39294482754a4c003e57412e03ac25,0.8689583539962769,"{'1d_start': 2, 'opt': 'adam', 'layers': [[0, 1, 4, 4], [0, 1, 5, 2], [3, 0, 4, 0.3037043023076813], [3, 0, 8, 0.7566094240388855]]}"
0c03909f0c41fcf1d1e38f1bfc037ecf,0.8620416522026062,"{'1d_start': 3, 'opt': 'adam', 'layers': [[0, 2, 6, 2], [2, 1, 3, 2], [0, 1, 5, 2], [4, 1, 4, 0.5023710429780133], [3, 2, 6, 0.5620589097370189]]}"
12cfe81d7206332e00b5959ed34a2f9c,0.8646875023841858,"{'1d_start': 2, 'opt': 'adam', 'layers': [[0, 1, 4, 4], [0, 1, 5, 2], [4, 2, 7, 0.5714898800854464], [3, 0, 8, 0.7566094240388855]]}"
53f37fa1e82dca361fed8d1d2f77e0da,0.867562472820282,"{'1d_start': 1, 'opt': 'adam', 'layers': [[0, 1, 4, 4], [3, 1, 9, 0.27045895072704723], [4, 1, 4, 0.5023710429780133], [3, 0, 8, 0.7566094240388855]]}"
81b689a985154bfe0267b415abf5c372,0.8695625066757202,"{'1d_start': 2, 'opt': 'adam', 'layers': [[0, 1, 4, 4], [0, 1, 4, 2], [4, 1, 4, 0.5023710429780133], [3, 0, 8, 0.7566094240388855]]}"
5eadc14e12e03ea8718dfa7ed663d74a,0.8333125114440918,"{'1d_start': 2, 'opt': 'adam', 'layers': [[0, 1, 4, 4], [1, 0, 3, 4], [4, 0, 7, 0.14907739266140482], [3, 0, 8, 0.7566094240388855]]}"
a819a42e6a7f95a1c167d1f016c96060,0.8699374794960022,"{'1d_start': 2, 'opt': 'adam', 'layers': [[0, 1, 4, 4], [0, 1, 5, 2], [4, 1, 4, 0.5023710429780133], [4, 2, 6, 0.527457936067717]]}"
b2276f81015b1fe5c901b2a5f24b0739,0.8505208492279053,"{'1d_start': 2, 'opt': 'adam', 'layers': [[1, 2, 2, 3], [0, 1, 5, 2], [4, 1, 4, 0.5023710429780133], [3, 0, 8, 0.7566094240388855]]}"
62e4f3c6d0b522e51140d8510b51b9eb,0.8496041893959045,"{'1d_start': 2, 'opt': 'adam', 'layers': [[0, 1, 4, 4], [0, 1, 5, 2], [4, 1, 4, 0.5023710429780133], [3, 0, 8, 0.7566094240388855], [3, 1, 3, 0.31254660229576026]]}"
6b30243483d9b7857aba1f57b9b42353,0.8689791560173035,"{'1d_start': 2, 'opt': 'adam', 'layers': [[0, 1, 4, 4], [0, 1, 5, 2], [4, 1, 4, 0.5023710429780133], [4, 2, 9, 0.08967027419329408]]}"
0e0d76d5bfc78122048f6d703710a160,0.8632500171661377,"{'1d_start': 2, 'opt': 'adam', 'layers': [[0, 1, 4, 4], [2, 0, 2, 3], [4, 1, 4, 0.5023710429780133], [3, 0, 8, 0.7566094240388855]]}"
75a1aee550498d3c978b5070f268621e,0.8245208263397217,"{'1d_start': 2, 'opt': 'SGD', 'layers': [[0, 1, 4, 4], [0, 1, 5, 2], [4, 1, 4, 0.5023710429780133], [3, 0, 8, 0.7566094240388855]]}"
a837ce4334a5211708b6341514cf28dd,0.8756874799728394,"{'1d_start': 2, 'opt': 'adam', 'layers': [[0, 1, 4, 4], [0, 1, 5, 2], [4, 0, 7, 0.14907739266140482], [3, 0, 8, 0.7566094240388855], [4, 1, 1, 0.8273186946380401]]}"
5f38c157d97f6a0c174de6f4a28c5a46,0.8719791769981384,"{'1d_start': 2, 'opt': 'adam', 'layers': [[0, 1, 4, 4], [0, 1, 5, 2], [4, 0, 3, 0.35730784884390193], [3, 0, 8, 0.7566094240388855]]}"
591fe38eab50579ffcf3db0ca63412e4,0.8737083077430725,"{'1d_start': 2, 'opt': 'adam', 'layers': [[0, 2, 4, 3], [0, 1, 5, 2], [4, 1, 4, 0.5023710429780133], [3, 0, 8, 0.7566094240388855]]}"
bf72c949dcb1dc77488a58745044bdde,0.8620208501815796,"{'1d_start': 2, 'opt': 'adam', 'layers': [[0, 1, 4, 4], [0, 0, 5, 4], [4, 1, 4, 0.5023710429780133], [3, 0, 8, 0.7566094240388855]]}"
1e9cd669df9bb57dadb5de262b28493f,0.8496666550636292,"{'1d_start': 3, 'opt': 'adam', 'layers': [[0, 1, 4, 4], [0, 1, 5, 2], [0, 1, 2, 3], [3, 0, 8, 0.7566094240388855]]}"
c7969c1ba2298bad169cd3920bf2a734,0.8719375133514404,"{'1d_start': 2, 'opt': 'adam', 'layers': [[0, 1, 4, 4], [0, 1, 5, 2], [4, 1, 4, 0.5023710429780133], [4, 0, 4, 0.0038569777005339144]]}"
6b93c17eb61c64b57c181e355bbcdade,0.8763958215713501,"{'1d_start': 2, 'opt': 'adam', 'layers': [[0, 1, 4, 4], [0, 1, 5, 2], [3, 1, 7, 0.11053823137055425], [3, 0, 8, 0.7566094240388855]]}"
add3a0778a7f2e3ccb787e4ca8099c42,0.8616874814033508,"{'1d_start': 2, 'opt': 'adam', 'layers': [[0, 1, 4, 4], [0, 1, 5, 2], [4, 0, 7, 0.14907739266140482], [4, 2, 8, 0.8432831730404096]]}"
18a18eab878e3f6c5e872527802ec990,0.862500011920929,"{'1d_start': 2, 'opt': 'adam', 'layers': [[0, 1, 4, 4], [2, 2, 2, 2], [4, 1, 4, 0.5023710429780133], [3, 0, 8, 0.7566094240388855]]}"
7ea2f864252de85a99f7b7958932df5e,0.675208330154419,"{'1d_start': 1, 'opt': 'adam', 'layers': [[0, 1, 4, 4], [3, 1, 4, 0.47079422423315836], [4, 1, 4, 0.5023710429780133], [3, 0, 8, 0.7566094240388855]]}"
65c893aabada288c11eaf0619e29a022,0.8638125061988831,"{'1d_start': 2, 'opt': 'adam', 'layers': [[0, 1, 4, 4], [0, 1, 5, 2], [4, 1, 4, 0.5023710429780133], [3, 0, 3, 0.683016405601905]]}"
c20a9dcc69c832650d2620d6feafe190,0.8645208477973938,"{'1d_start': 2, 'opt': 'adam', 'layers': [[1, 0, 2, 3], [0, 1, 5, 2], [4, 1, 4, 0.5023710429780133], [3, 0, 8, 0.7566094240388855]]}"
1803d52523100051f57492d7d631e6b8,0.851520836353302,"{'1d_start': 2, 'opt': 'adam', 'layers': [[0, 1, 4, 4], [0, 1, 5, 2], [4, 1, 4, 0.5023710429780133], [3, 0, 3, 0.17924159454569696]]}"
6bd47768c1d9dfdf4056a5675d156b3e,0.8646249771118164,"{'1d_start': 2, 'opt': 'adam', 'layers': [[0, 0, 6, 3], [0, 1, 5, 2], [4, 1, 4, 0.5023710429780133], [3, 0, 8, 0.7566094240388855]]}"
004b85e0ff09b1f4d77f66bb04a29864,0.8533541560173035,"{'1d_start': 2, 'opt': 'adam', 'layers': [[0, 1, 4, 4], [2, 2, 3, 4], [4, 1, 4, 0.5023710429780133], [3, 0, 8, 0.7566094240388855]]}"
e614c0497b83028e75ae4e813fbed6d3,0.8662708401679993,"{'1d_start': 2, 'opt': 'adam', 'layers': [[0, 1, 5, 3], [0, 1, 5, 2], [4, 1, 4, 0.5023710429780133], [3, 0, 8, 0.7566094240388855]]}"
f7085b86385dd462c520ef845ce8835c,0.8310624957084656,"{'1d_start': 2, 'opt': 'adam', 'layers': [[0, 1, 4, 4], [0, 1, 5, 2], [4, 1, 4, 0.5023710429780133], [3, 0, 8, 0.7566094240388855], [3, 1, 3, 0.8304724394263023]]}"
5cb0698d13e100fd731b4c5f45926f47,0.8683333396911621,"{'1d_start': 1, 'opt': 'adam', 'layers': [[0, 1, 4, 4], [4, 1, 5, 0.08691264961808846], [4, 1, 4, 0.5023710429780133], [3, 0, 8, 0.7566094240388855]]}"
301f662c17fd951cd69724daf77e8c65,0.7928333282470703,"{'1d_start': 1, 'opt': 'adam', 'layers': [[0, 1, 4, 4], [3, 1, 4, 0.849134795982954], [4, 1, 4, 0.5023710429780133], [3, 0, 8, 0.7566094240388855]]}"
d5579addc769f0b8d3664b1ce4ccf5a6,0.8759999871253967,"{'1d_start': 2, 'opt': 'adam', 'layers': [[0, 1, 4, 4], [0, 1, 5, 2], [3, 1, 7, 0.19710139484592054], [3, 0, 8, 0.7566094240388855]]}"
58f7333cd7fd1fdac2d844f790374a10,0.8683333396911621,"{'1d_start': 2, 'opt': 'adam', 'layers': [[0, 1, 4, 4], [0, 1, 5, 2], [3, 1, 9, 0.12817304646284394], [3, 0, 8, 0.7566094240388855]]}"
d9901bc1b1205b8793344535c9d74140,0.8426041603088379,"{'1d_start': 2, 'opt': 'adam', 'layers': [[0, 1, 4, 4], [0, 1, 5, 2], [4, 1, 4, 0.5023710429780133], [4, 0, 6, 0.8697923343925403]]}"
4650234e57edd48ec90cfdbe387bf17e,0.7673958539962769,"{'1d_start': 2, 'opt': 'adam', 'layers': [[0, 1, 4, 4], [0, 1, 5, 2], [3, 2, 1, 0.33838408745441684], [3, 0, 8, 0.7566094240388855]]}"
bef184be8ab93dac215b800482db11da,0.8661875128746033,"{'1d_start': 2, 'opt': 'adam', 'layers': [[0, 1, 4, 4], [0, 1, 5, 2], [4, 0, 8, 0.8306254616264821], [3, 0, 8, 0.7566094240388855]]}"
451c94f71f594dfc015d0af7ed1f4da1,0.846750020980835,"{'1d_start': 2, 'opt': 'adam', 'layers': [[0, 1, 4, 4], [1, 0, 3, 3], [4, 1, 4, 0.5023710429780133], [3, 0, 8, 0.7566094240388855]]}"
38168af1466dc53b4745a91252e40916,0.8086458444595337,"{'1d_start': 2, 'opt': 'adam', 'layers': [[0, 1, 4, 4], [0, 1, 5, 2], [3, 1, 2, 0.8014620986035785], [3, 0, 8, 0.7566094240388855]]}"
3c397f613c36f889732f0d1d838b5566,0.8615000247955322,"{'1d_start': 2, 'opt': 'adam', 'layers': [[0, 1, 4, 4], [0, 1, 5, 2], [4, 1, 4, 0.5023710429780133], [4, 1, 7, 0.4531526711968017]]}"
03daf1dfcfcd1f0c6eab45f0ccf71870,0.8750208616256714,"{'1d_start': 1, 'opt': 'adam', 'layers': [[0, 1, 4, 4], [3, 1, 8, 0.5272727827907415], [4, 1, 4, 0.5023710429780133], [3, 0, 8, 0.7566094240388855]]}"
303b748e5a16ddb53cb8e45970170927,0.8612291812896729,"{'1d_start': 2, 'opt': 'adam', 'layers': [[0, 1, 4, 4], [1, 1, 2, 4], [4, 1, 4, 0.5023710429780133], [3, 0, 8, 0.7566094240388855]]}"
eb77b85838233892f0c8b6a885e2470c,0.8650624752044678,"{'1d_start': 2, 'opt': 'adam', 'layers': [[0, 1, 4, 4], [2, 0, 2, 4], [4, 0, 7, 0.14907739266140482], [3, 0, 8, 0.7566094240388855]]}"
0a181ec5bc4bb2b279a8e38a89ea80cf,0.8762083053588867,"{'1d_start': 3, 'opt': 'adam', 'layers': [[0, 1, 4, 4], [0, 1, 5, 2], [2, 1, 2, 4], [3, 0, 8, 0.7566094240388855]]}"
64b0f02e98dc7a0d9655fa6df14bec0a,0.8032083511352539,"{'1d_start': 2, 'opt': 'adam', 'layers': [[2, 0, 3, 4], [0, 1, 5, 2], [4, 1, 4, 0.5023710429780133], [3, 0, 8, 0.7566094240388855]]}"
f3ee105b8ac0b49706fd821190e72d0f,0.8612499833106995,"{'1d_start': 2, 'opt': 'adam', 'layers': [[0, 1, 4, 4], [2, 1, 2, 2], [4, 1, 4, 0.5023710429780133], [3, 0, 8, 0.7566094240388855]]}"
f083ab44ec0e5fea149c10e33cdf34d8,0.8213958144187927,"{'1d_start': 2, 'opt': 'adam', 'layers': [[2, 0, 2, 2], [0, 1, 5, 2], [4, 1, 4, 0.5023710429780133], [3, 0, 8, 0.7566094240388855]]}"
a8c1443f61346698d795a4632748b018,0.8681250214576721,"{'1d_start': 3, 'opt': 'adam', 'layers': [[0, 1, 4, 4], [0, 1, 5, 2], [0, 1, 6, 4], [3, 0, 8, 0.7566094240388855]]}"
af6ec28e4f833e16196b3a3a40167a70,0.8492500185966492,"{'1d_start': 2, 'opt': 'adam', 'layers': [[0, 1, 4, 4], [0, 2, 2, 4], [4, 1, 4, 0.5023710429780133], [3, 0, 8, 0.7566094240388855]]}"
56208196e63abf660dc5535c2c327907,0.8622499704360962,"{'1d_start': 1, 'opt': 'adam', 'layers': [[0, 1, 4, 4], [4, 1, 3, 0.17107125862024775], [4, 1, 4, 0.5023710429780133], [3, 0, 8, 0.7566094240388855]]}"
8f671bedd53d5f8dcfee82c0520001b5,0.7960208058357239,"{'1d_start': 2, 'opt': 'adam', 'layers': [[0, 1, 4, 4], [0, 1, 5, 2], [3, 0, 1, 0.1719486234511384], [3, 0, 8, 0.7566094240388855]]}"
512e660a31bb609e32bcdeb36f14c790,0.8776458501815796,"{'1d_start': 2, 'opt': 'adam', 'layers': [[0, 1, 4, 4], [0, 1, 5, 2], [4, 1, 4, 0.5023710429780133], [3, 2, 6, 0.428743257476075]]}"
37d015104ddcadff02d20a184e274024,0.8502500057220459,"{'1d_start': 2, 'opt': 'adam', 'layers': [[0, 1, 4, 4], [0, 1, 5, 2], [4, 0, 7, 0.14907739266140482], [4, 1, 9, 0.889745424970025]]}"
4db58f54421f1255d26c4a9c4b4e6214,0.8607708215713501,"{'1d_start': 2, 'opt': 'adam', 'layers': [[0, 1, 4, 4], [1, 0, 2, 4], [4, 1, 4, 0.5023710429780133], [3, 0, 8, 0.7566094240388855]]}"
22d57310c18fc46e0e92c1e15b1f975d,0.8733124732971191,"{'1d_start': 2, 'opt': 'adam', 'layers': [[0, 1, 4, 4], [0, 1, 5, 2], [4, 0, 6, 0.5788979212186929], [3, 0, 8, 0.7566094240388855]]}"
7528f4b78d28eaf4e62f5827bbbf7329,0.8694999814033508,"{'1d_start': 2, 'opt': 'adam', 'layers': [[0, 1, 4, 4], [0, 1, 5, 2], [3, 2, 4, 0.3736842163024789], [3, 0, 8, 0.7566094240388855]]}"
495771ed17ea059a2bba7f841c628445,0.8684166669845581,"{'1d_start': 2, 'opt': 'adam', 'layers': [[0, 1, 4, 4], [0, 1, 5, 2], [4, 1, 4, 0.5023710429780133], [4, 0, 7, 0.32855250997879853]]}"
9d8af4a9d0d07b6ef32a8ea6eb9e7516,0.8811458349227905,"{'1d_start': 3, 'opt': 'adam', 'layers': [[0, 1, 4, 4], [0, 1, 5, 2], [2, 1, 3, 3], [3, 0, 8, 0.7566094240388855]]}"
680a0d1a1255ebaf534638ecd0e2a276,0.8386458158493042,"{'1d_start': 2, 'opt': 'adam', 'layers': [[0, 1, 4, 4], [0, 1, 5, 2], [3, 1, 2, 0.5897489428059097], [3, 0, 8, 0.7566094240388855]]}"
84b4578ea6a3fe077176ce201766572b,0.8794999718666077,"{'1d_start': 2, 'opt': 'adam', 'layers': [[0, 1, 4, 4], [0, 1, 5, 2], [4, 0, 3, 0.12548135774059008], [3, 0, 8, 0.7566094240388855]]}"
